ID;RS_ID;time;imLx_drone; imLy_drone; disparity_drone; imLx_pred_drone; imLy_pred_drone; n_frames_lost_drone; n_frames_tracking_drone; foundL_drone; posX_drone; posY_drone; posZ_drone; sposX_drone; sposY_drone; sposZ_drone; svelX_drone; svelY_drone; svelZ_drone; saccX_drone; saccY_drone; saccZ_drone; imLx_insect; imLy_insect; disparity_insect; imLx_pred_insect; imLy_pred_insect; n_frames_lost_insect; n_frames_tracking_insect; foundL_insect; posX_insect; posY_insect; posZ_insect; sposX_insect; sposY_insect; sposZ_insect; svelX_insect; svelY_insect; svelZ_insect; saccX_insect; saccY_insect; saccZ_insect; valid; posErrX; posErrY; posErrZ; velX; velY; velZ; accX; accY; accZ; hoverthrottle; autoThrottle; autoRoll; autoPitch; autoYaw; joyThrottle; joyRoll; joyPitch; joyYaw; joyArmSwitch; joyModeSwitch; joyTakeoffSwitch; throttleP; throttleI; throttleD; dt; dx; dy; dz; velx_sp; vely_sp; velz_sp;
89650;89656;2019/05/25 18:25:36;-1; -1; -1; -1; -1; 100; 0; 0; 0; 0; 0;0; 0; 0;0; 0; 0;0; 0; 0;-1; -1; -1; -1; -1; 4495; 0; 0; 0; 0; 0;0; 0; 0;0; 0; 0;0; 0; 0;0; 0; 0; 0; 0; 0; 0; 0; 0; 0; 200; 228; 1024; 1024; 1024; 228; 1024; 1024; 1024; 1; 4; 0; 1900; 50; 35; 0; 0; 0; 0; 0; 0; 0; 
89651;89657;2019/05/25 18:25:36;-1; -1; -1; -1; -1; 100; 0; 0; 0; 0; 0;0; 0; 0;0; 0; 0;0; 0; 0;-1; -1; -1; -1; -1; 4496; 0; 0; 0; 0; 0;0; 0; 0;0; 0; 0;0; 0; 0;0; 0; 0; 0; 0; 0; 0; 0; 0; 0; 200; 228; 1024; 1024; 1024; 228; 1024; 1024; 1024; 1; 4; 0; 1900; 50; 35; 0; 0; 0; 0; 0; 0; 0; 
89652;89658;2019/05/25 18:25:36;-1; -1; -1; -1; -1; 100; 0; 0; 0; 0; 0;0; 0; 0;0; 0; 0;0; 0; 0;670; 314; 10.5942; -1; -1; 0; 1; 1; -1.1406; -1.50315; -1.39866;-1.1406; -1.50315; -1.39866;0; 0; 0;0; 0; 0;0; 0; 0; 0; 0; 0; 0; 0; 0; 0; 200; 228; 1024; 1024; 1024; 228; 1024; 1024; 1024; 1; 4; 0; 1900; 50; 35; 0; 0; 0; 0; 0; 0; 0; 
89653;89659;2019/05/25 18:25:36;-1; -1; -1; -1; -1; 100; 0; 0; 0; 0; 0;0; 0; 0;0; 0; 0;0; 0; 0;670; 314; 10.5942; 670; 314; 1; 0; 1; -1.1406; -1.50315; -1.39866;-1.1406; -1.50315; -1.39866;0; 0; 0;0; 0; 0;0; 0; 0; 0; 0; 0; 0; 0; 0; 0; 200; 228; 1024; 1024; 1024; 228; 1024; 1024; 1024; 1; 4; 0; 1900; 50; 35; 0; 0; 0; 0; 0; 0; 0; 
89654;89660;2019/05/25 18:25:36;-1; -1; -1; -1; -1; 100; 0; 0; 0; 0; 0;0; 0; 0;0; 0; 0;0; 0; 0;670; 314; 10.5942; 670; 314; 2; 0; 1; -1.1406; -1.50315; -1.39866;-1.1406; -1.50315; -1.39866;0; 0; 0;0; 0; 0;0; 0; 0; 0; 0; 0; 0; 0; 0; 0; 200; 228; 1024; 1024; 1024; 228; 1024; 1024; 1024; 1; 4; 0; 1900; 50; 35; 0; 0; 0; 0; 0; 0; 0; 
89655;89661;2019/05/25 18:25:36;-1; -1; -1; -1; -1; 100; 0; 0; 0; 0; 0;0; 0; 0;0; 0; 0;0; 0; 0;670; 314; 10.5942; 670; 314; 3; 0; 1; -1.1406; -1.50315; -1.39866;-1.1406; -1.50315; -1.39866;0; 0; 0;0; 0; 0;0; 0; 0; 0; 0; 0; 0; 0; 0; 0; 200; 228; 1024; 1024; 1024; 228; 1024; 1024; 1024; 1; 4; 0; 1900; 50; 35; 0; 0; 0; 0; 0; 0; 0; 
89656;89662;2019/05/25 18:25:36;-1; -1; -1; -1; -1; 100; 0; 0; 0; 0; 0;0; 0; 0;0; 0; 0;0; 0; 0;670; 314; 10.5942; 670; 314; 4; 0; 1; -1.1406; -1.50315; -1.39866;-1.1406; -1.50315; -1.39866;0; 0; 0;0; 0; 0;0; 0; 0; 0; 0; 0; 0; 0; 0; 0; 200; 228; 1024; 1024; 1024; 228; 1024; 1024; 1024; 1; 4; 0; 1900; 50; 35; 0; 0; 0; 0; 0; 0; 0; 
89657;89663;2019/05/25 18:25:36;-1; -1; -1; -1; -1; 100; 0; 0; 0; 0; 0;0; 0; 0;0; 0; 0;0; 0; 0;670; 294; 10.3335; 670; 314; 0; 1; 1; -1.16937; -1.46363; -1.4917;-1.14923; -1.4913; -1.42657;0; 0; 0;0; 0; 0;0; 0; 0; 0; 0; 0; 0; 0; 0; 0; 200; 228; 1024; 1024; 1024; 228; 1024; 1024; 1024; 1; 4; 0; 1900; 50; 35; 0; 0; 0; 0; 0; 0; 0; 
89658;89664;2019/05/25 18:25:36;-1; -1; -1; -1; -1; 100; 0; 0; 0; 0; 0;0; 0; 0;0; 0; 0;0; 0; 0;670; 294; 10.3335; 670; 308.896; 1; 0; 1; -1.16937; -1.46363; -1.4917;-1.14923; -1.4913; -1.42657;0; 0; 0;0; 0; 0;0; 0; 0; 0; 0; 0; 0; 0; 0; 0; 200; 228; 1024; 1024; 1024; 228; 1024; 1024; 1024; 1; 4; 0; 1900; 50; 35; 0; 0; 0; 0; 0; 0; 0; 
89659;89665;2019/05/25 18:25:36;-1; -1; -1; -1; -1; 100; 0; 0; 0; 0; 0;0; 0; 0;0; 0; 0;0; 0; 0;670; 294; 10.3335; 670; 308.863; 2; 0; 1; -1.16937; -1.46363; -1.4917;-1.14923; -1.4913; -1.42657;0; 0; 0;0; 0; 0;0; 0; 0; 0; 0; 0; 0; 0; 0; 0; 200; 228; 1024; 1024; 1024; 228; 1024; 1024; 1024; 1; 4; 0; 1900; 50; 35; 0; 0; 0; 0; 0; 0; 0; 
89660;89666;2019/05/25 18:25:36;-1; -1; -1; -1; -1; 100; 0; 0; 0; 0; 0;0; 0; 0;0; 0; 0;0; 0; 0;667; 281; 10.112; 670; 308.83; 0; 1; 1; -1.18018; -1.44424; -1.56275;-1.15851; -1.47718; -1.46742;0; 0; 0;0; 0; 0;0; 0; 0; 0; 0; 0; 0; 0; 0; 0; 200; 228; 1024; 1024; 1024; 228; 1024; 1024; 1024; 1; 4; 0; 1900; 50; 35; 0; 0; 0; 0; 0; 0; 0; 
89661;89667;2019/05/25 18:25:36;-1; -1; -1; -1; -1; 100; 0; 0; 0; 0; 0;0; 0; 0;0; 0; 0;0; 0; 0;667; 281; 10.112; 669.167; 301.071; 1; 0; 1; -1.18018; -1.44424; -1.56275;-1.15851; -1.47718; -1.46742;0; 0; 0;0; 0; 0;0; 0; 0; 0; 0; 0; 0; 0; 0; 0; 200; 228; 1024; 1024; 1024; 228; 1024; 1024; 1024; 1; 4; 0; 1900; 50; 35; 0; 0; 0; 0; 0; 0; 0; 
89662;89668;2019/05/25 18:25:36;-1; -1; -1; -1; -1; 100; 0; 0; 0; 0; 0;0; 0; 0;0; 0; 0;0; 0; 0;667; 281; 10.112; 669.157; 300.941; 2; 0; 1; -1.18018; -1.44424; -1.56275;-1.15851; -1.47718; -1.46742;0; 0; 0;0; 0; 0;0; 0; 0; 0; 0; 0; 0; 0; 0; 0; 200; 228; 1024; 1024; 1024; 228; 1024; 1024; 1024; 1; 4; 0; 1900; 50; 35; 0; 0; 0; 0; 0; 0; 0; 
89663;89669;2019/05/25 18:25:36;-1; -1; -1; -1; -1; 100; 0; 0; 0; 0; 0;0; 0; 0;0; 0; 0;0; 0; 0;667; 281; 10.112; 669.146; 300.813; 3; 0; 1; -1.18018; -1.44424; -1.56275;-1.15851; -1.47718; -1.46742;0; 0; 0;0; 0; 0;0; 0; 0; 0; 0; 0; 0; 0; 0; 0; 200; 228; 1024; 1024; 1024; 228; 1024; 1024; 1024; 1; 4; 0; 1900; 50; 35; 0; 0; 0; 0; 0; 0; 0; 
89664;89670;2019/05/25 18:25:36;-1; -1; -1; -1; -1; 100; 0; 0; 0; 0; 0;0; 0; 0;0; 0; 0;0; 0; 0;667; 281; 10.112; 669.136; 300.682; 4; 0; 1; -1.18018; -1.44424; -1.56275;-1.15851; -1.47718; -1.46742;0; 0; 0;0; 0; 0;0; 0; 0; 0; 0; 0; 0; 0; 0; 0; 200; 228; 1024; 1024; 1024; 228; 1024; 1024; 1024; 1; 4; 0; 1900; 50; 35; 0; 0; 0; 0; 0; 0; 0; 
89665;89671;2019/05/25 18:25:36;-1; -1; -1; -1; -1; 100; 0; 0; 0; 0; 0;0; 0; 0;0; 0; 0;0; 0; 0;667; 281; 10.112; 669.126; 300.552; 5; 0; 1; -1.18018; -1.44424; -1.56275;-1.15851; -1.47718; -1.46742;0; 0; 0;0; 0; 0;0; 0; 0; 0; 0; 0; 0; 0; 0; 0; 200; 228; 1024; 1024; 1024; 228; 1024; 1024; 1024; 1; 4; 0; 1900; 50; 35; 0; 0; 0; 0; 0; 0; 0; 
89666;89672;2019/05/25 18:25:36;-1; -1; -1; -1; -1; 100; 0; 0; 0; 0; 0;0; 0; 0;0; 0; 0;0; 0; 0;667; 281; 10.112; 669.115; 300.422; 6; 0; 1; -1.18018; -1.44424; -1.56275;-1.15851; -1.47718; -1.46742;0; 0; 0;0; 0; 0;0; 0; 0; 0; 0; 0; 0; 0; 0; 0; 200; 228; 1024; 1024; 1024; 228; 1024; 1024; 1024; 1; 4; 0; 1900; 50; 35; 0; 0; 0; 0; 0; 0; 0; 
89667;89673;2019/05/25 18:25:36;-1; -1; -1; -1; -1; 100; 0; 0; 0; 0; 0;0; 0; 0;0; 0; 0;0; 0; 0;667; 281; 10.112; 669.105; 300.294; 7; 0; 1; -1.18018; -1.44424; -1.56275;-1.15851; -1.47718; -1.46742;0; 0; 0;0; 0; 0;0; 0; 0; 0; 0; 0; 0; 0; 0; 0; 200; 228; 1024; 1024; 1024; 228; 1024; 1024; 1024; 1; 4; 0; 1900; 50; 35; 0; 0; 0; 0; 0; 0; 0; 
89668;89674;2019/05/25 18:25:36;-1; -1; -1; -1; -1; 100; 0; 0; 0; 0; 0;0; 0; 0;0; 0; 0;0; 0; 0;667; 281; 10.112; 669.094; 300.163; 8; 0; 1; -1.18018; -1.44424; -1.56275;-1.15851; -1.47718; -1.46742;0; 0; 0;0; 0; 0;0; 0; 0; 0; 0; 0; 0; 0; 0; 0; 200; 228; 1024; 1024; 1024; 228; 1024; 1024; 1024; 1; 4; 0; 1900; 50; 35; 0; 0; 0; 0; 0; 0; 0; 
89669;89675;2019/05/25 18:25:36;-1; -1; -1; -1; -1; 100; 0; 0; 0; 0; 0;0; 0; 0;0; 0; 0;0; 0; 0;667; 281; 10.112; 669.084; 300.033; 9; 0; 1; -1.18018; -1.44424; -1.56275;-1.15851; -1.47718; -1.46742;0; 0; 0;0; 0; 0;0; 0; 0; 0; 0; 0; 0; 0; 0; 0; 200; 228; 1024; 1024; 1024; 228; 1024; 1024; 1024; 1; 4; 0; 1900; 50; 35; 0; 0; 0; 0; 0; 0; 0; 
89670;89676;2019/05/25 18:25:36;-1; -1; -1; -1; -1; 100; 0; 0; 0; 0; 0;0; 0; 0;0; 0; 0;0; 0; 0;667; 281; 10.112; 669.074; 299.905; 10; 0; 0; 0; 0; 0;0; 0; 0;0; 0; 0;0; 0; 0;0; 0; 0; 0; 0; 0; 0; 0; 0; 0; 200; 228; 1024; 1024; 1024; 228; 1024; 1024; 1024; 1; 4; 0; 1900; 50; 35; 0; 0; 0; 0; 0; 0; 0; 
89671;89677;2019/05/25 18:25:36;-1; -1; -1; -1; -1; 100; 0; 0; 0; 0; 0;0; 0; 0;0; 0; 0;0; 0; 0;667; 281; 10.112; -1; -1; 11; 0; 0; 0; 0; 0;0; 0; 0;0; 0; 0;0; 0; 0;0; 0; 0; 0; 0; 0; 0; 0; 0; 0; 200; 228; 1024; 1024; 1024; 228; 1024; 1024; 1024; 1; 4; 0; 1900; 50; 35; 0; 0; 0; 0; 0; 0; 0; 
89672;89678;2019/05/25 18:25:36;-1; -1; -1; -1; -1; 100; 0; 0; 0; 0; 0;0; 0; 0;0; 0; 0;0; 0; 0;667; 281; 10.112; -1; -1; 12; 0; 0; 0; 0; 0;0; 0; 0;0; 0; 0;0; 0; 0;0; 0; 0; 0; 0; 0; 0; 0; 0; 0; 200; 228; 1024; 1024; 1024; 228; 1024; 1024; 1024; 1; 4; 0; 1900; 50; 35; 0; 0; 0; 0; 0; 0; 0; 
89673;89679;2019/05/25 18:25:36;-1; -1; -1; -1; -1; 100; 0; 0; 0; 0; 0;0; 0; 0;0; 0; 0;0; 0; 0;667; 281; 10.112; -1; -1; 13; 0; 0; 0; 0; 0;0; 0; 0;0; 0; 0;0; 0; 0;0; 0; 0; 0; 0; 0; 0; 0; 0; 0; 200; 228; 1024; 1024; 1024; 228; 1024; 1024; 1024; 1; 4; 0; 1900; 50; 35; 0; 0; 0; 0; 0; 0; 0; 
89674;89680;2019/05/25 18:25:36;-1; -1; -1; -1; -1; 100; 0; 0; 0; 0; 0;0; 0; 0;0; 0; 0;0; 0; 0;630; 243; 9.0284; -1; -1; 0; 1; 1; -1.11724; -1.44915; -1.87592;-1.11724; -1.44915; -1.87592;0; 0; 0;0; 0; 0;0; 0; 0; 0; 0; 0; 0; 0; 0; 0; 200; 228; 1024; 1024; 1024; 228; 1024; 1024; 1024; 1; 4; 0; 1900; 50; 35; 0; 0; 0; 0; 0; 0; 0; 
89675;89681;2019/05/25 18:25:36;-1; -1; -1; -1; -1; 100; 0; 0; 0; 0; 0;0; 0; 0;0; 0; 0;0; 0; 0;630; 243; 9.0284; 630; 243; 1; 0; 1; -1.11724; -1.44915; -1.87592;-1.11724; -1.44915; -1.87592;0; 0; 0;0; 0; 0;0; 0; 0; 0; 0; 0; 0; 0; 0; 0; 200; 228; 1024; 1024; 1024; 228; 1024; 1024; 1024; 1; 4; 0; 1900; 50; 35; 0; 0; 0; 0; 0; 0; 0; 
89676;89682;2019/05/25 18:25:36;-1; -1; -1; -1; -1; 100; 0; 0; 0; 0; 0;0; 0; 0;0; 0; 0;0; 0; 0;630; 243; 9.0284; 630; 243; 2; 0; 1; -1.11724; -1.44915; -1.87592;-1.11724; -1.44915; -1.87592;0; 0; 0;0; 0; 0;0; 0; 0; 0; 0; 0; 0; 0; 0; 0; 200; 228; 1024; 1024; 1024; 228; 1024; 1024; 1024; 1; 4; 0; 1900; 50; 35; 0; 0; 0; 0; 0; 0; 0; 
89677;89683;2019/05/25 18:25:36;-1; -1; -1; -1; -1; 100; 0; 0; 0; 0; 0;0; 0; 0;0; 0; 0;0; 0; 0;630; 243; 9.0284; 630; 243; 3; 0; 1; -1.11724; -1.44915; -1.87592;-1.11724; -1.44915; -1.87592;0; 0; 0;0; 0; 0;0; 0; 0; 0; 0; 0; 0; 0; 0; 0; 200; 228; 1024; 1024; 1024; 228; 1024; 1024; 1024; 1; 4; 0; 1900; 50; 35; 0; 0; 0; 0; 0; 0; 0; 
89678;89684;2019/05/25 18:25:36;-1; -1; -1; -1; -1; 100; 0; 0; 0; 0; 0;0; 0; 0;0; 0; 0;0; 0; 0;630; 243; 9.0284; 630; 243; 4; 0; 1; -1.11724; -1.44915; -1.87592;-1.11724; -1.44915; -1.87592;0; 0; 0;0; 0; 0;0; 0; 0; 0; 0; 0; 0; 0; 0; 0; 200; 228; 1024; 1024; 1024; 228; 1024; 1024; 1024; 1; 4; 0; 1900; 50; 35; 0; 0; 0; 0; 0; 0; 0; 
89679;89685;2019/05/25 18:25:36;-1; -1; -1; -1; -1; 100; 0; 0; 0; 0; 0;0; 0; 0;0; 0; 0;0; 0; 0;630; 243; 9.0284; 630; 243; 5; 0; 1; -1.11724; -1.44915; -1.87592;-1.11724; -1.44915; -1.87592;0; 0; 0;0; 0; 0;0; 0; 0; 0; 0; 0; 0; 0; 0; 0; 200; 228; 1024; 1024; 1024; 228; 1024; 1024; 1024; 1; 4; 0; 1900; 50; 35; 0; 0; 0; 0; 0; 0; 0; 
89680;89686;2019/05/25 18:25:36;-1; -1; -1; -1; -1; 100; 0; 0; 0; 0; 0;0; 0; 0;0; 0; 0;0; 0; 0;630; 243; 9.0284; 630; 243; 6; 0; 1; -1.11724; -1.44915; -1.87592;-1.11724; -1.44915; -1.87592;0; 0; 0;0; 0; 0;0; 0; 0; 0; 0; 0; 0; 0; 0; 0; 200; 228; 1024; 1024; 1024; 228; 1024; 1024; 1024; 1; 4; 0; 1900; 50; 35; 0; 0; 0; 0; 0; 0; 0; 
89681;89687;2019/05/25 18:25:36;-1; -1; -1; -1; -1; 100; 0; 0; 0; 0; 0;0; 0; 0;0; 0; 0;0; 0; 0;630; 243; 9.0284; 630; 243; 7; 0; 1; -1.11724; -1.44915; -1.87592;-1.11724; -1.44915; -1.87592;0; 0; 0;0; 0; 0;0; 0; 0; 0; 0; 0; 0; 0; 0; 0; 200; 228; 1024; 1024; 1024; 228; 1024; 1024; 1024; 1; 4; 0; 1900; 50; 35; 0; 0; 0; 0; 0; 0; 0; 
89682;89688;2019/05/25 18:25:36;-1; -1; -1; -1; -1; 100; 0; 0; 0; 0; 0;0; 0; 0;0; 0; 0;0; 0; 0;630; 243; 9.0284; 630; 243; 8; 0; 1; -1.11724; -1.44915; -1.87592;-1.11724; -1.44915; -1.87592;0; 0; 0;0; 0; 0;0; 0; 0; 0; 0; 0; 0; 0; 0; 0; 200; 228; 1024; 1024; 1024; 228; 1024; 1024; 1024; 1; 4; 0; 1900; 50; 35; 0; 0; 0; 0; 0; 0; 0; 
89683;89689;2019/05/25 18:25:36;-1; -1; -1; -1; -1; 100; 0; 0; 0; 0; 0;0; 0; 0;0; 0; 0;0; 0; 0;630; 243; 9.0284; 630; 243; 9; 0; 1; -1.11724; -1.44915; -1.87592;-1.11724; -1.44915; -1.87592;0; 0; 0;0; 0; 0;0; 0; 0; 0; 0; 0; 0; 0; 0; 0; 200; 228; 1024; 1024; 1024; 228; 1024; 1024; 1024; 1; 4; 0; 1900; 50; 35; 0; 0; 0; 0; 0; 0; 0; 
89684;89690;2019/05/25 18:25:36;-1; -1; -1; -1; -1; 100; 0; 0; 0; 0; 0;0; 0; 0;0; 0; 0;0; 0; 0;630; 243; 9.0284; 630; 243; 10; 0; 0; 0; 0; 0;0; 0; 0;0; 0; 0;0; 0; 0;0; 0; 0; 0; 0; 0; 0; 0; 0; 0; 200; 228; 1024; 1024; 1024; 228; 1024; 1024; 1024; 1; 4; 0; 1900; 50; 35; 0; 0; 0; 0; 0; 0; 0; 
89685;89691;2019/05/25 18:25:36;-1; -1; -1; -1; -1; 100; 0; 0; 0; 0; 0;0; 0; 0;0; 0; 0;0; 0; 0;630; 243; 9.0284; -1; -1; 11; 0; 0; 0; 0; 0;0; 0; 0;0; 0; 0;0; 0; 0;0; 0; 0; 0; 0; 0; 0; 0; 0; 0; 200; 228; 1024; 1024; 1024; 228; 1024; 1024; 1024; 1; 4; 0; 1900; 50; 35; 0; 0; 0; 0; 0; 0; 0; 
89686;89692;2019/05/25 18:25:36;-1; -1; -1; -1; -1; 100; 0; 0; 0; 0; 0;0; 0; 0;0; 0; 0;0; 0; 0;630; 243; 9.0284; -1; -1; 12; 0; 0; 0; 0; 0;0; 0; 0;0; 0; 0;0; 0; 0;0; 0; 0; 0; 0; 0; 0; 0; 0; 0; 200; 228; 1024; 1024; 1024; 228; 1024; 1024; 1024; 1; 4; 0; 1900; 50; 35; 0; 0; 0; 0; 0; 0; 0; 
89687;89693;2019/05/25 18:25:36;-1; -1; -1; -1; -1; 100; 0; 0; 0; 0; 0;0; 0; 0;0; 0; 0;0; 0; 0;630; 243; 9.0284; -1; -1; 13; 0; 0; 0; 0; 0;0; 0; 0;0; 0; 0;0; 0; 0;0; 0; 0; 0; 0; 0; 0; 0; 0; 0; 200; 228; 1024; 1024; 1024; 228; 1024; 1024; 1024; 1; 4; 0; 1900; 50; 35; 0; 0; 0; 0; 0; 0; 0; 
89688;89694;2019/05/25 18:25:36;-1; -1; -1; -1; -1; 100; 0; 0; 0; 0; 0;0; 0; 0;0; 0; 0;0; 0; 0;630; 243; 9.0284; -1; -1; 14; 0; 0; 0; 0; 0;0; 0; 0;0; 0; 0;0; 0; 0;0; 0; 0; 0; 0; 0; 0; 0; 0; 0; 200; 228; 1024; 1024; 1024; 228; 1024; 1024; 1024; 1; 4; 0; 1900; 50; 35; 0; 0; 0; 0; 0; 0; 0; 
89689;89695;2019/05/25 18:25:36;-1; -1; -1; -1; -1; 100; 0; 0; 0; 0; 0;0; 0; 0;0; 0; 0;0; 0; 0;630; 243; 9.0284; -1; -1; 15; 0; 0; 0; 0; 0;0; 0; 0;0; 0; 0;0; 0; 0;0; 0; 0; 0; 0; 0; 0; 0; 0; 0; 200; 228; 1024; 1024; 1024; 228; 1024; 1024; 1024; 1; 4; 0; 1900; 50; 35; 0; 0; 0; 0; 0; 0; 0; 
89690;89696;2019/05/25 18:25:36;-1; -1; -1; -1; -1; 100; 0; 0; 0; 0; 0;0; 0; 0;0; 0; 0;0; 0; 0;630; 243; 9.0284; -1; -1; 16; 0; 0; 0; 0; 0;0; 0; 0;0; 0; 0;0; 0; 0;0; 0; 0; 0; 0; 0; 0; 0; 0; 0; 200; 228; 1024; 1024; 1024; 228; 1024; 1024; 1024; 1; 4; 0; 1900; 50; 35; 0; 0; 0; 0; 0; 0; 0; 
89691;89697;2019/05/25 18:25:36;-1; -1; -1; -1; -1; 100; 0; 0; 0; 0; 0;0; 0; 0;0; 0; 0;0; 0; 0;630; 243; 9.0284; -1; -1; 17; 0; 0; 0; 0; 0;0; 0; 0;0; 0; 0;0; 0; 0;0; 0; 0; 0; 0; 0; 0; 0; 0; 0; 200; 228; 1024; 1024; 1024; 228; 1024; 1024; 1024; 1; 4; 0; 1900; 50; 35; 0; 0; 0; 0; 0; 0; 0; 
89692;89698;2019/05/25 18:25:36;-1; -1; -1; -1; -1; 100; 0; 0; 0; 0; 0;0; 0; 0;0; 0; 0;0; 0; 0;630; 243; 9.0284; -1; -1; 18; 0; 0; 0; 0; 0;0; 0; 0;0; 0; 0;0; 0; 0;0; 0; 0; 0; 0; 0; 0; 0; 0; 0; 200; 228; 1024; 1024; 1024; 228; 1024; 1024; 1024; 1; 4; 0; 1900; 50; 35; 0; 0; 0; 0; 0; 0; 0; 
89693;89699;2019/05/25 18:25:36;-1; -1; -1; -1; -1; 100; 0; 0; 0; 0; 0;0; 0; 0;0; 0; 0;0; 0; 0;630; 243; 9.0284; -1; -1; 19; 0; 0; 0; 0; 0;0; 0; 0;0; 0; 0;0; 0; 0;0; 0; 0; 0; 0; 0; 0; 0; 0; 0; 200; 228; 1024; 1024; 1024; 228; 1024; 1024; 1024; 1; 4; 0; 1900; 50; 35; 0; 0; 0; 0; 0; 0; 0; 
89694;89700;2019/05/25 18:25:36;-1; -1; -1; -1; -1; 100; 0; 0; 0; 0; 0;0; 0; 0;0; 0; 0;0; 0; 0;630; 243; 9.0284; -1; -1; 20; 0; 0; 0; 0; 0;0; 0; 0;0; 0; 0;0; 0; 0;0; 0; 0; 0; 0; 0; 0; 0; 0; 0; 200; 228; 1024; 1024; 1024; 228; 1024; 1024; 1024; 1; 4; 0; 1900; 50; 35; 0; 0; 0; 0; 0; 0; 0; 
89695;89701;2019/05/25 18:25:36;-1; -1; -1; -1; -1; 100; 0; 0; 0; 0; 0;0; 0; 0;0; 0; 0;0; 0; 0;630; 243; 9.0284; -1; -1; 21; 0; 0; 0; 0; 0;0; 0; 0;0; 0; 0;0; 0; 0;0; 0; 0; 0; 0; 0; 0; 0; 0; 0; 200; 228; 1024; 1024; 1024; 228; 1024; 1024; 1024; 1; 4; 0; 1900; 50; 35; 0; 0; 0; 0; 0; 0; 0; 
89696;89702;2019/05/25 18:25:36;-1; -1; -1; -1; -1; 100; 0; 0; 0; 0; 0;0; 0; 0;0; 0; 0;0; 0; 0;630; 243; 9.0284; -1; -1; 22; 0; 0; 0; 0; 0;0; 0; 0;0; 0; 0;0; 0; 0;0; 0; 0; 0; 0; 0; 0; 0; 0; 0; 200; 228; 1024; 1024; 1024; 228; 1024; 1024; 1024; 1; 4; 0; 1900; 50; 35; 0; 0; 0; 0; 0; 0; 0; 
89697;89703;2019/05/25 18:25:36;-1; -1; -1; -1; -1; 100; 0; 0; 0; 0; 0;0; 0; 0;0; 0; 0;0; 0; 0;630; 243; 9.0284; -1; -1; 23; 0; 0; 0; 0; 0;0; 0; 0;0; 0; 0;0; 0; 0;0; 0; 0; 0; 0; 0; 0; 0; 0; 0; 200; 228; 1024; 1024; 1024; 228; 1024; 1024; 1024; 1; 4; 0; 1900; 50; 35; 0; 0; 0; 0; 0; 0; 0; 
89698;89704;2019/05/25 18:25:36;-1; -1; -1; -1; -1; 100; 0; 0; 0; 0; 0;0; 0; 0;0; 0; 0;0; 0; 0;630; 243; 9.0284; -1; -1; 24; 0; 0; 0; 0; 0;0; 0; 0;0; 0; 0;0; 0; 0;0; 0; 0; 0; 0; 0; 0; 0; 0; 0; 200; 228; 1024; 1024; 1024; 228; 1024; 1024; 1024; 1; 4; 0; 1900; 50; 35; 0; 0; 0; 0; 0; 0; 0; 
89699;89705;2019/05/25 18:25:36;-1; -1; -1; -1; -1; 100; 0; 0; 0; 0; 0;0; 0; 0;0; 0; 0;0; 0; 0;630; 243; 9.0284; -1; -1; 25; 0; 0; 0; 0; 0;0; 0; 0;0; 0; 0;0; 0; 0;0; 0; 0; 0; 0; 0; 0; 0; 0; 0; 200; 228; 1024; 1024; 1024; 228; 1024; 1024; 1024; 1; 4; 0; 1900; 50; 35; 0; 0; 0; 0; 0; 0; 0; 
89700;89706;2019/05/25 18:25:36;-1; -1; -1; -1; -1; 100; 0; 0; 0; 0; 0;0; 0; 0;0; 0; 0;0; 0; 0;630; 243; 9.0284; -1; -1; 26; 0; 0; 0; 0; 0;0; 0; 0;0; 0; 0;0; 0; 0;0; 0; 0; 0; 0; 0; 0; 0; 0; 0; 200; 228; 1024; 1024; 1024; 228; 1024; 1024; 1024; 1; 4; 0; 1900; 50; 35; 0; 0; 0; 0; 0; 0; 0; 
89701;89707;2019/05/25 18:25:36;-1; -1; -1; -1; -1; 100; 0; 0; 0; 0; 0;0; 0; 0;0; 0; 0;0; 0; 0;630; 243; 9.0284; -1; -1; 27; 0; 0; 0; 0; 0;0; 0; 0;0; 0; 0;0; 0; 0;0; 0; 0; 0; 0; 0; 0; 0; 0; 0; 200; 228; 1024; 1024; 1024; 228; 1024; 1024; 1024; 1; 4; 0; 1900; 50; 35; 0; 0; 0; 0; 0; 0; 0; 
89702;89708;2019/05/25 18:25:36;-1; -1; -1; -1; -1; 100; 0; 0; 0; 0; 0;0; 0; 0;0; 0; 0;0; 0; 0;630; 243; 9.0284; -1; -1; 28; 0; 0; 0; 0; 0;0; 0; 0;0; 0; 0;0; 0; 0;0; 0; 0; 0; 0; 0; 0; 0; 0; 0; 200; 228; 1024; 1024; 1024; 228; 1024; 1024; 1024; 1; 4; 0; 1900; 50; 35; 0; 0; 0; 0; 0; 0; 0; 
89703;89709;2019/05/25 18:25:36;-1; -1; -1; -1; -1; 100; 0; 0; 0; 0; 0;0; 0; 0;0; 0; 0;0; 0; 0;630; 243; 9.0284; -1; -1; 29; 0; 0; 0; 0; 0;0; 0; 0;0; 0; 0;0; 0; 0;0; 0; 0; 0; 0; 0; 0; 0; 0; 0; 200; 228; 1024; 1024; 1024; 228; 1024; 1024; 1024; 1; 4; 0; 1900; 50; 35; 0; 0; 0; 0; 0; 0; 0; 
89704;89710;2019/05/25 18:25:36;-1; -1; -1; -1; -1; 100; 0; 0; 0; 0; 0;0; 0; 0;0; 0; 0;0; 0; 0;630; 243; 9.0284; -1; -1; 30; 0; 0; 0; 0; 0;0; 0; 0;0; 0; 0;0; 0; 0;0; 0; 0; 0; 0; 0; 0; 0; 0; 0; 200; 228; 1024; 1024; 1024; 228; 1024; 1024; 1024; 1; 4; 0; 1900; 50; 35; 0; 0; 0; 0; 0; 0; 0; 
89705;89711;2019/05/25 18:25:36;-1; -1; -1; -1; -1; 100; 0; 0; 0; 0; 0;0; 0; 0;0; 0; 0;0; 0; 0;-1; -1; -1; -1; -1; 31; 0; 0; 0; 0; 0;0; 0; 0;0; 0; 0;0; 0; 0;0; 0; 0; 0; 0; 0; 0; 0; 0; 0; 200; 228; 1024; 1024; 1024; 228; 1024; 1024; 1024; 1; 4; 0; 1900; 50; 35; 0; 0; 0; 0; 0; 0; 0; 
89706;89712;2019/05/25 18:25:37;-1; -1; -1; -1; -1; 100; 0; 0; 0; 0; 0;0; 0; 0;0; 0; 0;0; 0; 0;-1; -1; -1; -1; -1; 32; 0; 0; 0; 0; 0;0; 0; 0;0; 0; 0;0; 0; 0;0; 0; 0; 0; 0; 0; 0; 0; 0; 0; 200; 228; 1024; 1024; 1024; 228; 1024; 1024; 1024; 1; 4; 0; 1900; 50; 35; 0; 0; 0; 0; 0; 0; 0; 
