RS_ID;time;imLx_replay; imLy_replay; disparity_replay; imLx_pred_replay; imLy_pred_replay; n_frames_lost_replay; n_frames_tracking_replay; foundL_replay; posX_replay; posY_replay; posZ_replay; sposX_replay; sposY_replay; sposZ_replay; svelX_replay; svelY_replay; svelZ_replay; saccX_replay; saccY_replay; saccZ_replay; 
333;4.615943;977.671; 49.7377; 9.24387; 977.671; 49.7377; 0; 0; 1; -3.009; -0.3; -2.5;-3.009; -0.3; -2.5;0.011; 0; 0;0; 0; 0;
339;4.682655;975.636; 49.7377; 9.24387; 975.636; 49.7377; 0; 0; 1; -2.998; -0.3; -2.5;-2.998; -0.3; -2.5;0.011; 0; 0;0; 0; 0;
340;4.693881;973.6; 49.7377; 9.24387; 959.911; 41.6766; 0; 0; 1; -2.987; -0.3; -2.5;-2.987; -0.3; -2.5;0.011; 0; 0;0; 0; 0;
341;4.705170;969.529; 49.7377; 9.24387; 958.041; 42.9723; 1; 0; 1; -2.965; -0.3; -2.5;-2.965; -0.3; -2.5;0.011; 0; 0;0; 0; 0;
342;4.716114;967.494; 49.7377; 9.24387; 939.364; 33.786; 0; 0; 1; -2.954; -0.3; -2.5;-2.954; -0.3; -2.5;0.011; 0; 0;0; 0; 0;
343;4.727606;963.422; 49.7377; 9.24387; 933.009; 31.9501; 0; 0; 1; -2.932; -0.3; -2.5;-2.932; -0.3; -2.5;0.011; 0; 0;0; 0; 0;
344;4.738397;961.387; 49.7377; 9.24387; 934.664; 34.7753; 0; 0; 1; -2.921; -0.3; -2.5;-2.921; -0.3; -2.5;0.011; 0; 0;0; 0; 0;
345;4.749528;957.316; 49.7377; 9.24387; 927.932; 34.1815; 0; 0; 1; -2.899; -0.3; -2.5;-2.899; -0.3; -2.5;0.011; 0; 0;0; 0; 0;
346;4.760658;955.28; 49.7377; 9.24387; 927.594; 35.1565; 0; 0; 1; -2.888; -0.3; -2.5;-2.888; -0.3; -2.5;0.011; 0; 0;0; 0; 0;
347;4.772392;951.209; 49.7377; 9.24387; 923.423; 36.5648; 0; 0; 1; -2.866; -0.3; -2.5;-2.866; -0.3; -2.5;0.011; 0; 0;0; 0; 0;
348;4.782979;949.174; 49.7377; 9.24387; 916.821; 35.4826; 0; 0; 1; -2.855; -0.3; -2.5;-2.855; -0.3; -2.5;0.011; 0; 0;0; 0; 0;
349;4.794029;945.103; 49.7377; 9.24387; 916.606; 38.5373; 0; 0; 1; -2.833; -0.3; -2.5;-2.833; -0.3; -2.5;0.011; 0; 0;0; 0; 0;
350;4.805180;943.067; 49.7377; 9.24387; 912.585; 38.7332; 0; 0; 1; -2.822; -0.3; -2.5;-2.822; -0.3; -2.5;0.011; 0; 0;0; 0; 0;
351;4.816527;941.032; 49.7377; 9.24387; 913.951; 40.5734; 0; 0; 1; -2.811; -0.3; -2.5;-2.811; -0.3; -2.5;0.011; 0; 0;0; 0; 0;
352;4.827476;936.961; 49.7377; 9.24387; 907.686; 41.7807; 0; 0; 1; -2.789; -0.3; -2.5;-2.789; -0.3; -2.5;0.011; 0; 0;0; 0; 0;
353;4.838727;934.925; 49.7377; 9.24387; 903.028; 42.7347; 0; 0; 1; -2.778; -0.3; -2.5;-2.778; -0.3; -2.5;0.011; 0; 0;0; 0; 0;
354;4.849705;930.854; 49.7377; 9.24387; 905.359; 44.5048; 0; 0; 1; -2.756; -0.3; -2.5;-2.756; -0.3; -2.5;0.011; 0; 0;0; 0; 0;
355;4.860914;928.818; 49.7377; 9.24387; 900.017; 45.3902; 0; 0; 1; -2.745; -0.3; -2.5;-2.745; -0.3; -2.5;0.011; 0; 0;0; 0; 0;
356;4.871965;924.747; 49.7377; 9.24387; 893.297; 46.5588; 0; 0; 1; -2.723; -0.3; -2.5;-2.723; -0.3; -2.5;0.011; 0; 0;0; 0; 0;
357;4.883084;922.712; 49.7377; 9.24387; 898.872; 47.2418; 0; 0; 1; -2.712; -0.3; -2.5;-2.712; -0.3; -2.5;0.011; 0; 0;0; 0; 0;
358;4.894183;918.641; 49.7377; 9.24387; 893.096; 48.1379; 0; 0; 1; -2.69; -0.3; -2.5;-2.69; -0.3; -2.5;0.011; 0; 0;0; 0; 0;
359;4.906394;916.605; 49.7377; 9.24387; 889.51; 48.824; 0; 0; 1; -2.679; -0.3; -2.5;-2.679; -0.3; -2.5;0.011; 0; 0;0; 0; 0;
360;4.916701;912.534; 49.7377; 9.24387; 883.429; 49.6039; 0; 0; 1; -2.657; -0.3; -2.5;-2.657; -0.3; -2.5;0.011; 0; 0;0; 0; 0;
361;4.927700;910.499; 49.7377; 9.24387; 893.112; 50.3162; 1; 0; 1; -2.646; -0.3; -2.5;-2.646; -0.3; -2.5;0.011; 0; 0;0; 0; 0;
362;4.938742;908.463; 49.7377; 9.24387; 869.765; 50.2361; 0; 0; 1; -2.635; -0.3; -2.5;-2.635; -0.3; -2.5;0.011; 0; 0;0; 0; 0;
363;4.950665;904.392; 49.7377; 9.24387; 874.76; 52.5498; 0; 0; 1; -2.613; -0.3; -2.5;-2.613; -0.3; -2.5;0.011; 0; 0;0; 0; 0;
364;4.961062;902.357; 49.7377; 9.24387; 869.208; 53.9157; 0; 0; 1; -2.602; -0.3; -2.5;-2.602; -0.3; -2.5;0.011; 0; 0;0; 0; 0;
365;4.972171;898.285; 49.7377; 9.24387; 861.987; 54.9632; 0; 0; 1; -2.58; -0.3; -2.5;-2.58; -0.3; -2.5;0.011; 0; 0;0; 0; 0;
366;4.983267;896.25; 49.7377; 9.24387; 864.155; 55.1505; 0; 0; 1; -2.569; -0.3; -2.5;-2.569; -0.3; -2.5;0.011; 0; 0;0; 0; 0;
367;4.994480;892.179; 49.7377; 9.24387; 866.317; 55.3081; 0; 0; 1; -2.547; -0.3; -2.5;-2.547; -0.3; -2.5;0.011; 0; 0;0; 0; 0;
368;5.005562;890.143; 49.7377; 9.24387; 858.751; 56.3521; 0; 0; 1; -2.536; -0.3; -2.5;-2.536; -0.3; -2.5;0.011; 0; 0;0; 0; 0;
369;5.016738;886.072; 49.7377; 9.24387; 853.909; 55.8282; 0; 0; 1; -2.514; -0.3; -2.5;-2.514; -0.3; -2.5;0.011; 0; 0;0; 0; 0;
370;5.027852;884.037; 49.7377; 9.24387; 858.81; 56.4548; 0; 0; 1; -2.503; -0.3; -2.5;-2.503; -0.3; -2.5;0.011; 0; 0;0; 0; 0;
371;5.039615;879.966; 49.7377; 9.24387; 847.429; 57.7501; 0; 0; 1; -2.481; -0.3; -2.5;-2.481; -0.3; -2.5;0.011; 0; 0;0; 0; 0;
372;5.050076;877.93; 49.7377; 9.24387; 877.93; 49.7377; 0; 0; 1; -2.47; -0.3; -2.5;-2.47; -0.3; -2.5;0.011; 0; 0;0; 0; 0;
373;5.061219;875.895; 49.7377; 9.24387; 875.895; 49.7377; 0; 0; 1; -2.459; -0.3; -2.5;-2.459; -0.3; -2.5;0.011; 0; 0;0; 0; 0;
374;5.072338;873.859; 49.7377; 9.24387; 873.859; 49.7377; 0; 0; 1; -2.448; -0.3; -2.5;-2.448; -0.3; -2.5;0.011; 0; 0;0; 0; 0;
375;5.083690;871.824; 49.7377; 9.24387; 871.824; 49.7377; 0; 0; 1; -2.437; -0.3; -2.5;-2.437; -0.3; -2.5;0.011; 0; 0;0; 0; 0;
376;5.094635;869.788; 49.7377; 9.24387; 869.788; 49.7377; 0; 0; 1; -2.426; -0.3; -2.5;-2.426; -0.3; -2.5;0.011; 0; 0;0; 0; 0;
377;5.106165;867.753; 49.7377; 9.24387; 867.753; 49.7377; 0; 0; 1; -2.415; -0.3; -2.5;-2.415; -0.3; -2.5;0.011; 0; 0;0; 0; 0;
378;5.116863;865.717; 49.7377; 9.24387; 865.717; 49.7377; 0; 0; 1; -2.404; -0.3; -2.5;-2.404; -0.3; -2.5;0.011; 0; 0;0; 0; 0;
379;5.128355;863.681; 49.7377; 9.24387; 863.681; 49.7377; 0; 0; 1; -2.393; -0.3; -2.5;-2.393; -0.3; -2.5;0.011; 0; 0;0; 0; 0;
380;5.139163;861.646; 49.7377; 9.24387; 861.646; 49.7377; 0; 0; 1; -2.382; -0.3; -2.5;-2.382; -0.3; -2.5;0.011; 0; 0;0; 0; 0;
381;5.150406;859.61; 49.7377; 9.24387; 859.61; 49.7377; 0; 0; 1; -2.371; -0.3; -2.5;-2.371; -0.3; -2.5;0.011; 0; 0;0; 0; 0;
382;5.161434;857.575; 49.7377; 9.24387; 857.575; 49.7377; 0; 0; 1; -2.36; -0.3; -2.5;-2.36; -0.3; -2.5;0.011; 0; 0;0; 0; 0;
383;5.173331;855.539; 49.7377; 9.24387; 855.539; 49.7377; 0; 0; 1; -2.349; -0.3; -2.5;-2.349; -0.3; -2.5;0.011; 0; 0;0; 0; 0;
384;5.183675;853.504; 49.7377; 9.24387; 853.504; 49.7377; 0; 0; 1; -2.338; -0.3; -2.5;-2.338; -0.3; -2.5;0.011; 0; 0;0; 0; 0;
385;5.194778;851.468; 49.7377; 9.24387; 851.468; 49.7377; 0; 0; 1; -2.327; -0.3; -2.5;-2.327; -0.3; -2.5;0.011; 0; 0;0; 0; 0;
386;5.205901;849.433; 49.7377; 9.24387; 849.433; 49.7377; 0; 0; 1; -2.316; -0.3; -2.5;-2.316; -0.3; -2.5;0.011; 0; 0;0; 0; 0;
387;5.217864;847.397; 49.7377; 9.24387; 847.397; 49.7377; 0; 0; 1; -2.305; -0.3; -2.5;-2.305; -0.3; -2.5;0.011; 0; 0;0; 0; 0;
388;5.228199;845.362; 49.7377; 9.24387; 845.362; 49.7377; 0; 0; 1; -2.294; -0.3; -2.5;-2.294; -0.3; -2.5;0.011; 0; 0;0; 0; 0;
389;5.239340;843.326; 49.7377; 9.24387; 843.326; 49.7377; 0; 0; 1; -2.283; -0.3; -2.5;-2.283; -0.3; -2.5;0.011; 0; 0;0; 0; 0;
390;5.250441;841.291; 49.7377; 9.24387; 841.291; 49.7377; 0; 0; 1; -2.272; -0.3; -2.5;-2.272; -0.3; -2.5;0.011; 0; 0;0; 0; 0;
391;5.261824;839.255; 49.7377; 9.24387; 839.255; 49.7377; 0; 0; 1; -2.261; -0.3; -2.5;-2.261; -0.3; -2.5;0.011; 0; 0;0; 0; 0;
392;5.272723;837.22; 49.7377; 9.24387; 837.22; 49.7377; 0; 0; 1; -2.25; -0.3; -2.5;-2.25; -0.3; -2.5;0.011; 0; 0;0; 0; 0;
393;5.283852;835.184; 49.7377; 9.24387; 835.184; 49.7377; 0; 0; 1; -2.239; -0.3; -2.5;-2.239; -0.3; -2.5;0.011; 0; 0;0; 0; 0;
394;5.294980;833.148; 49.7377; 9.24387; 833.148; 49.7377; 0; 0; 1; -2.228; -0.3; -2.5;-2.228; -0.3; -2.5;0.011; 0; 0;0; 0; 0;
395;5.306399;831.113; 49.7377; 9.24387; 831.113; 49.7377; 0; 0; 1; -2.217; -0.3; -2.5;-2.217; -0.3; -2.5;0.011; 0; 0;0; 0; 0;
396;5.317290;829.077; 49.7377; 9.24387; 829.077; 49.7377; 0; 0; 1; -2.206; -0.3; -2.5;-2.206; -0.3; -2.5;0.011; 0; 0;0; 0; 0;
397;5.328389;827.042; 49.7377; 9.24387; 827.042; 49.7377; 0; 0; 1; -2.195; -0.3; -2.5;-2.195; -0.3; -2.5;0.011; 0; 0;0; 0; 0;
398;5.339525;825.006; 49.7377; 9.24387; 825.006; 49.7377; 0; 0; 1; -2.184; -0.3; -2.5;-2.184; -0.3; -2.5;0.011; 0; 0;0; 0; 0;
399;5.351501;822.971; 49.7377; 9.24387; 822.971; 49.7377; 0; 0; 1; -2.173; -0.3; -2.5;-2.173; -0.3; -2.5;0.011; 0; 0;0; 0; 0;
400;5.361826;820.935; 49.7377; 9.24387; 820.935; 49.7377; 0; 0; 1; -2.162; -0.3; -2.5;-2.162; -0.3; -2.5;0.011; 0; 0;0; 0; 0;
401;5.372998;818.9; 49.7377; 9.24387; 818.9; 49.7377; 0; 0; 1; -2.151; -0.3; -2.5;-2.151; -0.3; -2.5;0.011; 0; 0;0; 0; 0;
402;5.384033;816.864; 49.7377; 9.24387; 816.864; 49.7377; 0; 0; 1; -2.14; -0.3; -2.5;-2.14; -0.3; -2.5;0.011; 0; 0;0; 0; 0;
403;5.395263;814.829; 49.7377; 9.24387; 814.829; 49.7377; 0; 0; 1; -2.129; -0.3; -2.5;-2.129; -0.3; -2.5;0.011; 0; 0;0; 0; 0;
404;5.406303;812.793; 49.7377; 9.24387; 812.793; 49.7377; 0; 0; 1; -2.118; -0.3; -2.5;-2.118; -0.3; -2.5;0.011; 0; 0;0; 0; 0;
405;5.417444;810.758; 49.7377; 9.24387; 810.758; 49.7377; 0; 0; 1; -2.107; -0.3; -2.5;-2.107; -0.3; -2.5;0.011; 0; 0;0; 0; 0;
406;5.428603;808.722; 49.7377; 9.24387; 808.722; 49.7377; 0; 0; 1; -2.096; -0.3; -2.5;-2.096; -0.3; -2.5;0.011; 0; 0;0; 0; 0;
407;5.439764;806.687; 49.7377; 9.24387; 806.687; 49.7377; 0; 0; 1; -2.085; -0.3; -2.5;-2.085; -0.3; -2.5;0.011; 0; 0;0; 0; 0;
408;5.450869;804.651; 49.7377; 9.24387; 804.651; 49.7377; 0; 0; 1; -2.074; -0.3; -2.5;-2.074; -0.3; -2.5;0.011; 0; 0;0; 0; 0;
409;5.462015;802.616; 49.7377; 9.24387; 802.616; 49.7377; 0; 0; 1; -2.063; -0.3; -2.5;-2.063; -0.3; -2.5;0.011; 0; 0;0; 0; 0;
410;5.473082;800.58; 49.7377; 9.24387; 800.58; 49.7377; 0; 0; 1; -2.052; -0.3; -2.5;-2.052; -0.3; -2.5;0.011; 0; 0;0; 0; 0;
411;5.484391;798.544; 49.7377; 9.24387; 798.544; 49.7377; 0; 0; 1; -2.041; -0.3; -2.5;-2.041; -0.3; -2.5;0.011; 0; 0;0; 0; 0;
412;5.495392;796.509; 49.7377; 9.24387; 796.509; 49.7377; 0; 0; 1; -2.03; -0.3; -2.5;-2.03; -0.3; -2.5;0.011; 0; 0;0; 0; 0;
413;5.506495;794.473; 49.7377; 9.24387; 794.473; 49.7377; 0; 0; 1; -2.019; -0.3; -2.5;-2.019; -0.3; -2.5;0.011; 0; 0;0; 0; 0;
414;5.517635;792.438; 49.7377; 9.24387; 792.438; 49.7377; 0; 0; 1; -2.008; -0.3; -2.5;-2.008; -0.3; -2.5;0.011; 0; 0;0; 0; 0;
415;5.528771;790.402; 49.7377; 9.24387; 790.402; 49.7377; 0; 0; 1; -1.997; -0.3; -2.5;-1.997; -0.3; -2.5;0.011; 0; 0;0; 0; 0;
416;5.539900;788.367; 49.7377; 9.24387; 788.367; 49.7377; 0; 0; 1; -1.986; -0.3; -2.5;-1.986; -0.3; -2.5;0.011; 0; 0;0; 0; 0;
417;5.551049;786.331; 49.7377; 9.24387; 786.331; 49.7377; 0; 0; 1; -1.975; -0.3; -2.5;-1.975; -0.3; -2.5;0.011; 0; 0;0; 0; 0;
418;5.562183;784.296; 49.7377; 9.24387; 784.296; 49.7377; 0; 0; 1; -1.964; -0.3; -2.5;-1.964; -0.3; -2.5;0.011; 0; 0;0; 0; 0;
419;5.573286;782.26; 49.7377; 9.24387; 782.26; 49.7377; 0; 0; 1; -1.953; -0.3; -2.5;-1.953; -0.3; -2.5;0.011; 0; 0;0; 0; 0;
420;5.584478;780.225; 49.7377; 9.24387; 780.225; 49.7377; 0; 0; 1; -1.942; -0.3; -2.5;-1.942; -0.3; -2.5;0.011; 0; 0;0; 0; 0;
421;5.595562;778.189; 49.7377; 9.24387; 778.189; 49.7377; 0; 0; 1; -1.931; -0.3; -2.5;-1.931; -0.3; -2.5;0.011; 0; 0;0; 0; 0;
422;5.606682;776.154; 49.7377; 9.24387; 776.154; 49.7377; 0; 0; 1; -1.92; -0.3; -2.5;-1.92; -0.3; -2.5;0.011; 0; 0;0; 0; 0;
423;5.617956;774.118; 49.7377; 9.24387; 774.118; 49.7377; 0; 0; 1; -1.909; -0.3; -2.5;-1.909; -0.3; -2.5;0.011; 0; 0;0; 0; 0;
424;5.628991;772.083; 49.7377; 9.24387; 772.083; 49.7377; 0; 0; 1; -1.898; -0.3; -2.5;-1.898; -0.3; -2.5;0.011; 0; 0;0; 0; 0;
425;5.640105;770.047; 49.7377; 9.24387; 770.047; 49.7377; 0; 0; 1; -1.887; -0.3; -2.5;-1.887; -0.3; -2.5;0.011; 0; 0;0; 0; 0;
426;5.651429;768.011; 49.7377; 9.24387; 768.011; 49.7377; 0; 0; 1; -1.876; -0.3; -2.5;-1.876; -0.3; -2.5;0.011; 0; 0;0; 0; 0;
427;5.662422;765.976; 49.7377; 9.24387; 765.976; 49.7377; 0; 0; 1; -1.865; -0.3; -2.5;-1.865; -0.3; -2.5;0.011; 0; 0;0; 0; 0;
428;5.673467;763.94; 49.7377; 9.24387; 763.94; 49.7377; 0; 0; 1; -1.854; -0.3; -2.5;-1.854; -0.3; -2.5;0.011; 0; 0;0; 0; 0;
429;5.684616;761.905; 49.7377; 9.24387; 761.905; 49.7377; 0; 0; 1; -1.843; -0.3; -2.5;-1.843; -0.3; -2.5;0.011; 0; 0;0; 0; 0;
430;5.695727;759.869; 49.7377; 9.24387; 759.869; 49.7377; 0; 0; 1; -1.832; -0.3; -2.5;-1.832; -0.3; -2.5;0.011; 0; 0;0; 0; 0;
431;5.706968;757.834; 49.7377; 9.24387; 757.834; 49.7377; 0; 0; 1; -1.821; -0.3; -2.5;-1.821; -0.3; -2.5;0.011; 0; 0;0; 0; 0;
432;5.718023;755.798; 49.7377; 9.24387; 755.798; 49.7377; 0; 0; 1; -1.81; -0.3; -2.5;-1.81; -0.3; -2.5;0.011; 0; 0;0; 0; 0;
433;5.729171;753.763; 49.7377; 9.24387; 753.763; 49.7377; 0; 0; 1; -1.799; -0.3; -2.5;-1.799; -0.3; -2.5;0.011; 0; 0;0; 0; 0;
434;5.740258;751.727; 49.7377; 9.24387; 751.727; 49.7377; 0; 0; 1; -1.788; -0.3; -2.5;-1.788; -0.3; -2.5;0.011; 0; 0;0; 0; 0;
435;5.752125;749.692; 49.7377; 9.24387; 749.692; 49.7377; 0; 0; 1; -1.777; -0.3; -2.5;-1.777; -0.3; -2.5;0.011; 0; 0;0; 0; 0;
436;5.762594;747.656; 49.7377; 9.24387; 747.656; 49.7377; 0; 0; 1; -1.766; -0.3; -2.5;-1.766; -0.3; -2.5;0.011; 0; 0;0; 0; 0;
437;5.773702;745.621; 49.7377; 9.24387; 745.621; 49.7377; 0; 0; 1; -1.755; -0.3; -2.5;-1.755; -0.3; -2.5;0.011; 0; 0;0; 0; 0;
438;5.784802;743.585; 49.7377; 9.24387; 743.585; 49.7377; 0; 0; 1; -1.744; -0.3; -2.5;-1.744; -0.3; -2.5;0.011; 0; 0;0; 0; 0;
439;5.798640;741.55; 49.7377; 9.24387; 741.55; 49.7377; 0; 0; 1; -1.733; -0.3; -2.5;-1.733; -0.3; -2.5;0.011; 0; 0;0; 0; 0;
440;5.807044;739.514; 49.7377; 9.24387; 739.514; 49.7377; 0; 0; 1; -1.722; -0.3; -2.5;-1.722; -0.3; -2.5;0.011; 0; 0;0; 0; 0;
441;5.818263;737.479; 49.7377; 9.24387; 737.479; 49.7377; 0; 0; 1; -1.711; -0.3; -2.5;-1.711; -0.3; -2.5;0.011; 0; 0;0; 0; 0;
442;5.829365;735.443; 49.7377; 9.24387; 735.443; 49.7377; 0; 0; 1; -1.7; -0.3; -2.5;-1.7; -0.3; -2.5;0.011; 0; 0;0; 0; 0;
443;5.840508;733.407; 49.7377; 9.24387; 733.407; 49.7377; 0; 0; 1; -1.689; -0.3; -2.5;-1.689; -0.3; -2.5;0.011; 0; 0;0; 0; 0;
444;5.851600;731.372; 49.7377; 9.24387; 731.372; 49.7377; 0; 0; 1; -1.678; -0.3; -2.5;-1.678; -0.3; -2.5;0.011; 0; 0;0; 0; 0;
445;5.862705;729.336; 49.7377; 9.24387; 729.336; 49.7377; 0; 0; 1; -1.667; -0.3; -2.5;-1.667; -0.3; -2.5;0.011; 0; 0;0; 0; 0;
446;5.873860;727.301; 49.7377; 9.24387; 727.301; 49.7377; 0; 0; 1; -1.656; -0.3; -2.5;-1.656; -0.3; -2.5;0.011; 0; 0;0; 0; 0;
447;5.885023;725.265; 49.7377; 9.24387; 725.265; 49.7377; 0; 0; 1; -1.645; -0.3; -2.5;-1.645; -0.3; -2.5;0.011; 0; 0;0; 0; 0;
448;5.896150;723.23; 49.7377; 9.24387; 723.23; 49.7377; 0; 0; 1; -1.634; -0.3; -2.5;-1.634; -0.3; -2.5;0.011; 0; 0;0; 0; 0;
449;5.907198;721.194; 49.7377; 9.24387; 721.194; 49.7377; 0; 0; 1; -1.623; -0.3; -2.5;-1.623; -0.3; -2.5;0.011; 0; 0;0; 0; 0;
450;5.918349;719.159; 49.7377; 9.24387; 719.159; 49.7377; 0; 0; 1; -1.612; -0.3; -2.5;-1.612; -0.3; -2.5;0.011; 0; 0;0; 0; 0;
451;5.929815;717.123; 49.7377; 9.24387; 717.123; 49.7377; 0; 0; 1; -1.601; -0.3; -2.5;-1.601; -0.3; -2.5;0.011; 0; 0;0; 0; 0;
452;5.940643;715.088; 49.7377; 9.24387; 715.088; 49.7377; 0; 0; 1; -1.59; -0.3; -2.5;-1.59; -0.3; -2.5;0.011; 0; 0;0; 0; 0;
453;5.951809;713.052; 49.7377; 9.24387; 713.052; 49.7377; 0; 0; 1; -1.579; -0.3; -2.5;-1.579; -0.3; -2.5;0.011; 0; 0;0; 0; 0;
454;5.962962;711.017; 49.7377; 9.24387; 711.017; 49.7377; 0; 0; 1; -1.568; -0.3; -2.5;-1.568; -0.3; -2.5;0.011; 0; 0;0; 0; 0;
455;5.974149;708.981; 49.7377; 9.24387; 708.981; 49.7377; 0; 0; 1; -1.557; -0.3; -2.5;-1.557; -0.3; -2.5;0.011; 0; 0;0; 0; 0;
456;5.985166;706.946; 49.7377; 9.24387; 706.946; 49.7377; 0; 0; 1; -1.546; -0.3; -2.5;-1.546; -0.3; -2.5;0.011; 0; 0;0; 0; 0;
457;5.996325;704.91; 49.7377; 9.24387; 704.91; 49.7377; 0; 0; 1; -1.535; -0.3; -2.5;-1.535; -0.3; -2.5;0.011; 0; 0;0; 0; 0;
458;6.007490;702.875; 49.7377; 9.24387; 702.875; 49.7377; 0; 0; 1; -1.524; -0.3; -2.5;-1.524; -0.3; -2.5;0.011; 0; 0;0; 0; 0;
459;6.018567;700.839; 49.7377; 9.24387; 700.839; 49.7377; 0; 0; 1; -1.513; -0.3; -2.5;-1.513; -0.3; -2.5;0.011; 0; 0;0; 0; 0;
460;6.029870;698.803; 49.7377; 9.24387; 698.803; 49.7377; 0; 0; 1; -1.502; -0.3; -2.5;-1.502; -0.3; -2.5;0.011; 0; 0;0; 0; 0;
461;6.040906;696.768; 49.7377; 9.24387; 696.768; 49.7377; 0; 0; 1; -1.491; -0.3; -2.5;-1.491; -0.3; -2.5;0.011; 0; 0;0; 0; 0;
462;6.051950;694.732; 49.7377; 9.24387; 694.732; 49.7377; 0; 0; 1; -1.48; -0.3; -2.5;-1.48; -0.3; -2.5;0.011; 0; 0;0; 0; 0;
463;6.063158;692.697; 49.7377; 9.24387; 692.697; 49.7377; 0; 0; 1; -1.469; -0.3; -2.5;-1.469; -0.3; -2.5;0.011; 0; 0;0; 0; 0;
464;6.074204;690.661; 49.7377; 9.24387; 690.661; 49.7377; 0; 0; 1; -1.458; -0.3; -2.5;-1.458; -0.3; -2.5;0.011; 0; 0;0; 0; 0;
465;6.085377;688.626; 49.7377; 9.24387; 688.626; 49.7377; 0; 0; 1; -1.447; -0.3; -2.5;-1.447; -0.3; -2.5;0.011; 0; 0;0; 0; 0;
466;6.096475;686.59; 49.7377; 9.24387; 686.59; 49.7377; 0; 0; 1; -1.436; -0.3; -2.5;-1.436; -0.3; -2.5;0.011; 0; 0;0; 0; 0;
467;6.107707;684.555; 49.7377; 9.24387; 684.555; 49.7377; 0; 0; 1; -1.425; -0.3; -2.5;-1.425; -0.3; -2.5;0.011; 0; 0;0; 0; 0;
468;6.118744;682.519; 49.7377; 9.24387; 682.519; 49.7377; 0; 0; 1; -1.414; -0.3; -2.5;-1.414; -0.3; -2.5;0.011; 0; 0;0; 0; 0;
469;6.129885;680.484; 49.7377; 9.24387; 680.484; 49.7377; 0; 0; 1; -1.403; -0.3; -2.5;-1.403; -0.3; -2.5;0.011; 0; 0;0; 0; 0;
470;6.140986;678.448; 49.7377; 9.24387; 678.448; 49.7377; 0; 0; 1; -1.392; -0.3; -2.5;-1.392; -0.3; -2.5;0.011; 0; 0;0; 0; 0;
471;6.152222;676.413; 49.7377; 9.24387; 676.413; 49.7377; 0; 0; 1; -1.381; -0.3; -2.5;-1.381; -0.3; -2.5;0.011; 0; 0;0; 0; 0;
472;6.163300;674.377; 49.7377; 9.24387; 674.377; 49.7377; 0; 0; 1; -1.37; -0.3; -2.5;-1.37; -0.3; -2.5;0.011; 0; 0;0; 0; 0;
473;6.174428;672.342; 49.7377; 9.24387; 672.342; 49.7377; 0; 0; 1; -1.359; -0.3; -2.5;-1.359; -0.3; -2.5;0.011; 0; 0;0; 0; 0;
474;6.185573;670.306; 49.7377; 9.24387; 670.306; 49.7377; 0; 0; 1; -1.348; -0.3; -2.5;-1.348; -0.3; -2.5;0.011; 0; 0;0; 0; 0;
475;6.196790;668.27; 49.7377; 9.24387; 668.27; 49.7377; 0; 0; 1; -1.337; -0.3; -2.5;-1.337; -0.3; -2.5;0.011; 0; 0;0; 0; 0;
476;6.207794;666.235; 49.7377; 9.24387; 666.235; 49.7377; 0; 0; 1; -1.326; -0.3; -2.5;-1.326; -0.3; -2.5;0.011; 0; 0;0; 0; 0;
477;6.218950;664.199; 49.7377; 9.24387; 664.199; 49.7377; 0; 0; 1; -1.315; -0.3; -2.5;-1.315; -0.3; -2.5;0.011; 0; 0;0; 0; 0;
478;6.230092;662.164; 49.7377; 9.24387; 662.164; 49.7377; 0; 0; 1; -1.304; -0.3; -2.5;-1.304; -0.3; -2.5;0.011; 0; 0;0; 0; 0;
479;6.241349;660.128; 49.7377; 9.24387; 660.128; 49.7377; 0; 0; 1; -1.293; -0.3; -2.5;-1.293; -0.3; -2.5;0.011; 0; 0;0; 0; 0;
480;6.252302;658.093; 49.7377; 9.24387; 658.093; 49.7377; 0; 0; 1; -1.282; -0.3; -2.5;-1.282; -0.3; -2.5;0.011; 0; 0;0; 0; 0;
481;6.263506;656.057; 49.7377; 9.24387; 656.057; 49.7377; 0; 0; 1; -1.271; -0.3; -2.5;-1.271; -0.3; -2.5;0.011; 0; 0;0; 0; 0;
482;6.274597;654.022; 49.7377; 9.24387; 654.022; 49.7377; 0; 0; 1; -1.26; -0.3; -2.5;-1.26; -0.3; -2.5;0.011; 0; 0;0; 0; 0;
483;6.285786;651.986; 49.7377; 9.24387; 651.986; 49.7377; 0; 0; 1; -1.249; -0.3; -2.5;-1.249; -0.3; -2.5;0.011; 0; 0;0; 0; 0;
484;6.296986;649.951; 49.7377; 9.24387; 649.951; 49.7377; 0; 0; 1; -1.238; -0.3; -2.5;-1.238; -0.3; -2.5;0.011; 0; 0;0; 0; 0;
485;6.307989;647.915; 49.7377; 9.24387; 647.915; 49.7377; 0; 0; 1; -1.227; -0.3; -2.5;-1.227; -0.3; -2.5;0.011; 0; 0;0; 0; 0;
486;6.319112;645.88; 49.7377; 9.24387; 645.88; 49.7377; 0; 0; 1; -1.216; -0.3; -2.5;-1.216; -0.3; -2.5;0.011; 0; 0;0; 0; 0;
487;6.330386;643.844; 49.7377; 9.24387; 643.844; 49.7377; 0; 0; 1; -1.205; -0.3; -2.5;-1.205; -0.3; -2.5;0.011; 0; 0;0; 0; 0;
488;6.341398;641.809; 49.7377; 9.24387; 641.809; 49.7377; 0; 0; 1; -1.194; -0.3; -2.5;-1.194; -0.3; -2.5;0.011; 0; 0;0; 0; 0;
489;6.352539;639.773; 49.7377; 9.24387; 639.773; 49.7377; 0; 0; 1; -1.183; -0.3; -2.5;-1.183; -0.3; -2.5;0.011; 0; 0;0; 0; 0;
490;6.363669;637.737; 49.7377; 9.24387; 637.737; 49.7377; 0; 0; 1; -1.172; -0.3; -2.5;-1.172; -0.3; -2.5;0.011; 0; 0;0; 0; 0;
491;6.374821;635.702; 49.7377; 9.24387; 635.702; 49.7377; 0; 0; 1; -1.161; -0.3; -2.5;-1.161; -0.3; -2.5;0.011; 0; 0;0; 0; 0;
492;6.385978;633.666; 49.7377; 9.24387; 633.666; 49.7377; 0; 0; 1; -1.15; -0.3; -2.5;-1.15; -0.3; -2.5;0.011; 0; 0;0; 0; 0;
493;6.397091;631.631; 49.7377; 9.24387; 631.631; 49.7377; 0; 0; 1; -1.139; -0.3; -2.5;-1.139; -0.3; -2.5;0.011; 0; 0;0; 0; 0;
494;6.408182;629.595; 49.7377; 9.24387; 629.595; 49.7377; 0; 0; 1; -1.128; -0.3; -2.5;-1.128; -0.3; -2.5;0.011; 0; 0;0; 0; 0;
495;6.419525;627.56; 49.7377; 9.24387; 627.56; 49.7377; 0; 0; 1; -1.117; -0.3; -2.5;-1.117; -0.3; -2.5;0.011; 0; 0;0; 0; 0;
496;6.430484;625.524; 49.7377; 9.24387; 625.524; 49.7377; 0; 0; 1; -1.106; -0.3; -2.5;-1.106; -0.3; -2.5;0.011; 0; 0;0; 0; 0;
497;6.441561;623.489; 49.7377; 9.24387; 623.489; 49.7377; 0; 0; 1; -1.095; -0.3; -2.5;-1.095; -0.3; -2.5;0.011; 0; 0;0; 0; 0;
498;6.452826;621.453; 49.7377; 9.24387; 621.453; 49.7377; 0; 0; 1; -1.084; -0.3; -2.5;-1.084; -0.3; -2.5;0.011; 0; 0;0; 0; 0;
499;6.464902;619.418; 49.7377; 9.24387; 619.418; 49.7377; 0; 0; 1; -1.073; -0.3; -2.5;-1.073; -0.3; -2.5;0.011; 0; 0;0; 0; 0;
500;6.474961;617.382; 49.7377; 9.24387; 617.382; 49.7377; 0; 0; 1; -1.062; -0.3; -2.5;-1.062; -0.3; -2.5;0.011; 0; 0;0; 0; 0;
501;6.486106;615.347; 49.7377; 9.24387; 615.347; 49.7377; 0; 0; 1; -1.051; -0.3; -2.5;-1.051; -0.3; -2.5;0.011; 0; 0;0; 0; 0;
502;6.497244;613.311; 49.7377; 9.24387; 613.311; 49.7377; 0; 0; 1; -1.04; -0.3; -2.5;-1.04; -0.3; -2.5;0.011; 0; 0;0; 0; 0;
503;6.508395;611.276; 49.7377; 9.24387; 611.276; 49.7377; 0; 0; 1; -1.029; -0.3; -2.5;-1.029; -0.3; -2.5;0.011; 0; 0;0; 0; 0;
504;6.519493;609.24; 49.7377; 9.24387; 609.24; 49.7377; 0; 0; 1; -1.018; -0.3; -2.5;-1.018; -0.3; -2.5;0.011; 0; 0;0; 0; 0;
505;6.530682;607.205; 49.7377; 9.24387; 607.205; 49.7377; 0; 0; 1; -1.007; -0.3; -2.5;-1.007; -0.3; -2.5;0.011; 0; 0;0; 0; 0;
506;6.541742;605.169; 49.7377; 9.24387; 605.169; 49.7377; 0; 0; 1; -0.996; -0.3; -2.5;-0.996; -0.3; -2.5;0.011; 0; 0;0; 0; 0;
507;6.553115;603.133; 49.7377; 9.24387; 603.133; 49.7377; 0; 0; 1; -0.985; -0.3; -2.5;-0.985; -0.3; -2.5;0.011; 0; 0;0; 0; 0;
508;6.564010;601.098; 49.7377; 9.24387; 601.098; 49.7377; 0; 0; 1; -0.974; -0.3; -2.5;-0.974; -0.3; -2.5;0.011; 0; 0;0; 0; 0;
509;6.575222;599.062; 49.7377; 9.24387; 599.062; 49.7377; 0; 0; 1; -0.963; -0.3; -2.5;-0.963; -0.3; -2.5;0.011; 0; 0;0; 0; 0;
510;6.586657;597.027; 49.7377; 9.24387; 597.027; 49.7377; 0; 0; 1; -0.952; -0.3; -2.5;-0.952; -0.3; -2.5;0.011; 0; 0;0; 0; 0;
511;6.597547;594.991; 49.7377; 9.24387; 594.991; 49.7377; 0; 0; 1; -0.941; -0.3; -2.5;-0.941; -0.3; -2.5;0.011; 0; 0;0; 0; 0;
512;6.608563;592.956; 49.7377; 9.24387; 592.956; 49.7377; 0; 0; 1; -0.93; -0.3; -2.5;-0.93; -0.3; -2.5;0.011; 0; 0;0; 0; 0;
513;6.619686;590.92; 49.7377; 9.24387; 590.92; 49.7377; 0; 0; 1; -0.919; -0.3; -2.5;-0.919; -0.3; -2.5;0.011; 0; 0;0; 0; 0;
514;6.630805;588.885; 49.7377; 9.24387; 588.885; 49.7377; 0; 0; 1; -0.908; -0.3; -2.5;-0.908; -0.3; -2.5;0.011; 0; 0;0; 0; 0;
515;6.641983;586.849; 49.7377; 9.24387; 586.849; 49.7377; 0; 0; 1; -0.897; -0.3; -2.5;-0.897; -0.3; -2.5;0.011; 0; 0;0; 0; 0;
516;6.653088;584.814; 49.7377; 9.24387; 584.814; 49.7377; 0; 0; 1; -0.886; -0.3; -2.5;-0.886; -0.3; -2.5;0.011; 0; 0;0; 0; 0;
517;6.664277;582.778; 49.7377; 9.24387; 582.778; 49.7377; 0; 0; 1; -0.875; -0.3; -2.5;-0.875; -0.3; -2.5;0.011; 0; 0;0; 0; 0;
518;6.675344;580.743; 49.7377; 9.24387; 580.743; 49.7377; 0; 0; 1; -0.864; -0.3; -2.5;-0.864; -0.3; -2.5;0.011; 0; 0;0; 0; 0;
519;6.686510;578.707; 49.7377; 9.24387; 578.707; 49.7377; 0; 0; 1; -0.853; -0.3; -2.5;-0.853; -0.3; -2.5;0.011; 0; 0;0; 0; 0;
520;6.697619;576.672; 49.7377; 9.24387; 576.672; 49.7377; 0; 0; 1; -0.842; -0.3; -2.5;-0.842; -0.3; -2.5;0.011; 0; 0;0; 0; 0;
521;6.708764;574.636; 49.7377; 9.24387; 574.636; 49.7377; 0; 0; 1; -0.831; -0.3; -2.5;-0.831; -0.3; -2.5;0.011; 0; 0;0; 0; 0;
522;6.719891;572.601; 49.7377; 9.24387; 572.601; 49.7377; 0; 0; 1; -0.82; -0.3; -2.5;-0.82; -0.3; -2.5;0.011; 0; 0;0; 0; 0;
523;6.731221;570.565; 49.7377; 9.24387; 570.565; 49.7377; 0; 0; 1; -0.809; -0.3; -2.5;-0.809; -0.3; -2.5;0.011; 0; 0;0; 0; 0;
524;6.742138;568.529; 49.7377; 9.24387; 568.529; 49.7377; 0; 0; 1; -0.798; -0.3; -2.5;-0.798; -0.3; -2.5;0.011; 0; 0;0; 0; 0;
525;6.753703;566.494; 49.7377; 9.24387; 566.494; 49.7377; 0; 0; 1; -0.787; -0.3; -2.5;-0.787; -0.3; -2.5;0.011; 0; 0;0; 0; 0;
526;6.764427;564.458; 49.7377; 9.24387; 564.458; 49.7377; 0; 0; 1; -0.776; -0.3; -2.5;-0.776; -0.3; -2.5;0.011; 0; 0;0; 0; 0;
527;6.775560;562.423; 49.7377; 9.24387; 562.423; 49.7377; 0; 0; 1; -0.765; -0.3; -2.5;-0.765; -0.3; -2.5;0.011; 0; 0;0; 0; 0;
528;6.786703;560.387; 49.7377; 9.24387; 560.387; 49.7377; 0; 0; 1; -0.754; -0.3; -2.5;-0.754; -0.3; -2.5;0.011; 0; 0;0; 0; 0;
529;6.797823;558.352; 49.7377; 9.24387; 558.352; 49.7377; 0; 0; 1; -0.743; -0.3; -2.5;-0.743; -0.3; -2.5;0.011; 0; 0;0; 0; 0;
530;6.808940;556.316; 49.7377; 9.24387; 556.316; 49.7377; 0; 0; 1; -0.732; -0.3; -2.5;-0.732; -0.3; -2.5;0.011; 0; 0;0; 0; 0;
531;6.820090;554.281; 49.7377; 9.24387; 554.281; 49.7377; 0; 0; 1; -0.721; -0.3; -2.5;-0.721; -0.3; -2.5;0.011; 0; 0;0; 0; 0;
532;6.831216;552.245; 49.7377; 9.24387; 552.245; 49.7377; 0; 0; 1; -0.71; -0.3; -2.5;-0.71; -0.3; -2.5;0.011; 0; 0;0; 0; 0;
533;6.842360;550.21; 49.7377; 9.24387; 550.21; 49.7377; 0; 0; 1; -0.699; -0.3; -2.5;-0.699; -0.3; -2.5;0.011; 0; 0;0; 0; 0;
534;6.853875;548.174; 49.7377; 9.24387; 548.174; 49.7377; 0; 0; 1; -0.688; -0.3; -2.5;-0.688; -0.3; -2.5;0.011; 0; 0;0; 0; 0;
535;6.864621;546.139; 49.7377; 9.24387; 546.139; 49.7377; 0; 0; 1; -0.677; -0.3; -2.5;-0.677; -0.3; -2.5;0.011; 0; 0;0; 0; 0;
536;6.875678;544.103; 49.7377; 9.24387; 544.103; 49.7377; 0; 0; 1; -0.666; -0.3; -2.5;-0.666; -0.3; -2.5;0.011; 0; 0;0; 0; 0;
537;6.887304;542.068; 49.7377; 9.24387; 542.068; 49.7377; 0; 0; 1; -0.655; -0.3; -2.5;-0.655; -0.3; -2.5;0.011; 0; 0;0; 0; 0;
538;6.897978;540.032; 49.7377; 9.24387; 540.032; 49.7377; 0; 0; 1; -0.644; -0.3; -2.5;-0.644; -0.3; -2.5;0.011; 0; 0;0; 0; 0;
539;6.912322;537.997; 49.7377; 9.24387; 537.996; 49.7377; 0; 0; 1; -0.633; -0.3; -2.5;-0.633; -0.3; -2.5;0.011; 0; 0;0; 0; 0;
540;6.920665;535.961; 49.7377; 9.24387; 535.961; 49.7377; 0; 0; 1; -0.622; -0.3; -2.5;-0.622; -0.3; -2.5;0.011; 0; 0;0; 0; 0;
541;6.931469;533.925; 49.7377; 9.24387; 533.925; 49.7377; 0; 0; 1; -0.611; -0.3; -2.5;-0.611; -0.3; -2.5;0.011; 0; 0;0; 0; 0;
542;6.942533;531.89; 49.7377; 9.24387; 531.89; 49.7377; 0; 0; 1; -0.6; -0.3; -2.5;-0.6; -0.3; -2.5;0.011; 0; 0;0; 0; 0;
543;6.954342;529.854; 49.7377; 9.24387; 529.854; 49.7377; 0; 0; 1; -0.589; -0.3; -2.5;-0.589; -0.3; -2.5;0.011; 0; 0;0; 0; 0;
544;6.964833;527.819; 49.7377; 9.24387; 527.819; 49.7377; 0; 0; 1; -0.578; -0.3; -2.5;-0.578; -0.3; -2.5;0.011; 0; 0;0; 0; 0;
545;6.975941;525.783; 49.7377; 9.24387; 525.783; 49.7377; 0; 0; 1; -0.567; -0.3; -2.5;-0.567; -0.3; -2.5;0.011; 0; 0;0; 0; 0;
546;6.987548;523.748; 49.7377; 9.24387; 523.748; 49.7377; 0; 0; 1; -0.556; -0.3; -2.5;-0.556; -0.3; -2.5;0.011; 0; 0;0; 0; 0;
547;6.998271;521.712; 49.7377; 9.24387; 521.712; 49.7377; 0; 0; 1; -0.545; -0.3; -2.5;-0.545; -0.3; -2.5;0.011; 0; 0;0; 0; 0;
548;7.009308;519.677; 49.7377; 9.24387; 519.677; 49.7377; 0; 0; 1; -0.534; -0.3; -2.5;-0.534; -0.3; -2.5;0.011; 0; 0;0; 0; 0;
549;7.020754;517.641; 49.7377; 9.24387; 517.641; 49.7377; 0; 0; 1; -0.523; -0.3; -2.5;-0.523; -0.3; -2.5;0.011; 0; 0;0; 0; 0;
550;7.031518;515.606; 49.7377; 9.24387; 515.606; 49.7377; 0; 0; 1; -0.512; -0.3; -2.5;-0.512; -0.3; -2.5;0.011; 0; 0;0; 0; 0;
551;7.042731;513.57; 49.7377; 9.24387; 513.57; 49.7377; 0; 0; 1; -0.501; -0.3; -2.5;-0.501; -0.3; -2.5;0.011; 0; 0;0; 0; 0;
552;7.054369;511.535; 49.7377; 9.24387; 511.535; 49.7377; 0; 0; 1; -0.49; -0.3; -2.5;-0.49; -0.3; -2.5;0.011; 0; 0;0; 0; 0;
553;7.064987;509.499; 49.7377; 9.24387; 509.499; 49.7377; 0; 0; 1; -0.479; -0.3; -2.5;-0.479; -0.3; -2.5;0.011; 0; 0;0; 0; 0;
554;7.076082;507.464; 49.7377; 9.24387; 507.464; 49.7377; 0; 0; 1; -0.468; -0.3; -2.5;-0.468; -0.3; -2.5;0.011; 0; 0;0; 0; 0;
555;7.088076;505.428; 49.7377; 9.24387; 505.428; 49.7377; 0; 0; 1; -0.457; -0.3; -2.5;-0.457; -0.3; -2.5;0.011; 0; 0;0; 0; 0;
556;7.098424;503.392; 49.7377; 9.24387; 503.392; 49.7377; 0; 0; 1; -0.446; -0.3; -2.5;-0.446; -0.3; -2.5;0.011; 0; 0;0; 0; 0;
557;7.109467;501.357; 49.7377; 9.24387; 501.357; 49.7377; 0; 0; 1; -0.435; -0.3; -2.5;-0.435; -0.3; -2.5;0.011; 0; 0;0; 0; 0;
558;7.121142;499.321; 49.7377; 9.24387; 499.321; 49.7377; 0; 0; 1; -0.424; -0.3; -2.5;-0.424; -0.3; -2.5;0.011; 0; 0;0; 0; 0;
559;7.131923;497.286; 49.7377; 9.24387; 497.286; 49.7377; 0; 0; 1; -0.413; -0.3; -2.5;-0.413; -0.3; -2.5;0.011; 0; 0;0; 0; 0;
560;7.142832;495.25; 49.7377; 9.24387; 495.25; 49.7377; 0; 0; 1; -0.402; -0.3; -2.5;-0.402; -0.3; -2.5;0.011; 0; 0;0; 0; 0;
561;7.154397;493.215; 49.7377; 9.24387; 493.215; 49.7377; 0; 0; 1; -0.391; -0.3; -2.5;-0.391; -0.3; -2.5;0.011; 0; 0;0; 0; 0;
562;7.165120;491.179; 49.7377; 9.24387; 491.179; 49.7377; 0; 0; 1; -0.38; -0.3; -2.5;-0.38; -0.3; -2.5;0.011; 0; 0;0; 0; 0;
563;7.176323;489.144; 49.7377; 9.24387; 489.144; 49.7377; 0; 0; 1; -0.369; -0.3; -2.5;-0.369; -0.3; -2.5;0.011; 0; 0;0; 0; 0;
564;7.187868;487.108; 49.7377; 9.24387; 487.108; 49.7377; 0; 0; 1; -0.358; -0.3; -2.5;-0.358; -0.3; -2.5;0.011; 0; 0;0; 0; 0;
565;7.198532;485.073; 49.7377; 9.24387; 485.073; 49.7377; 0; 0; 1; -0.347; -0.3; -2.5;-0.347; -0.3; -2.5;0.011; 0; 0;0; 0; 0;
566;7.209778;483.037; 49.7377; 9.24387; 483.037; 49.7377; 0; 0; 1; -0.336; -0.3; -2.5;-0.336; -0.3; -2.5;0.011; 0; 0;0; 0; 0;
567;7.220801;481.002; 49.7377; 9.24387; 481.002; 49.7377; 0; 0; 1; -0.325; -0.3; -2.5;-0.325; -0.3; -2.5;0.011; 0; 0;0; 0; 0;
568;7.232018;478.966; 49.7377; 9.24387; 478.966; 49.7377; 0; 0; 1; -0.314; -0.3; -2.5;-0.314; -0.3; -2.5;0.011; 0; 0;0; 0; 0;
569;7.243083;476.931; 49.7377; 9.24387; 476.931; 49.7377; 0; 0; 1; -0.303; -0.3; -2.5;-0.303; -0.3; -2.5;0.011; 0; 0;0; 0; 0;
570;7.254643;474.895; 49.7377; 9.24387; 474.895; 49.7377; 0; 0; 1; -0.292; -0.3; -2.5;-0.292; -0.3; -2.5;0.011; 0; 0;0; 0; 0;
571;7.265833;472.859; 49.7377; 9.24387; 472.859; 49.7377; 0; 0; 1; -0.281; -0.3; -2.5;-0.281; -0.3; -2.5;0.011; 0; 0;0; 0; 0;
572;7.276515;470.824; 49.7377; 9.24387; 470.824; 49.7377; 0; 0; 1; -0.27; -0.3; -2.5;-0.27; -0.3; -2.5;0.011; 0; 0;0; 0; 0;
573;7.287983;468.788; 49.7377; 9.24387; 468.788; 49.7377; 0; 0; 1; -0.259; -0.3; -2.5;-0.259; -0.3; -2.5;0.011; 0; 0;0; 0; 0;
574;7.298727;466.753; 49.7377; 9.24387; 466.753; 49.7377; 0; 0; 1; -0.248; -0.3; -2.5;-0.248; -0.3; -2.5;0.011; 0; 0;0; 0; 0;
575;7.310244;464.717; 49.7377; 9.24387; 464.717; 49.7377; 0; 0; 1; -0.237; -0.3; -2.5;-0.237; -0.3; -2.5;0.011; 0; 0;0; 0; 0;
576;7.321030;462.682; 49.7377; 9.24387; 462.682; 49.7377; 0; 0; 1; -0.226; -0.3; -2.5;-0.226; -0.3; -2.5;0.011; 0; 0;0; 0; 0;
577;7.332220;460.646; 49.7377; 9.24387; 460.646; 49.7377; 0; 0; 1; -0.215; -0.3; -2.5;-0.215; -0.3; -2.5;0.011; 0; 0;0; 0; 0;
578;7.343294;458.611; 49.7377; 9.24387; 458.611; 49.7377; 0; 0; 1; -0.204; -0.3; -2.5;-0.204; -0.3; -2.5;0.011; 0; 0;0; 0; 0;
579;7.355438;456.575; 49.7377; 9.24387; 456.575; 49.7377; 0; 0; 1; -0.193; -0.3; -2.5;-0.193; -0.3; -2.5;0.011; 0; 0;0; 0; 0;
580;7.365615;454.54; 49.7377; 9.24387; 454.54; 49.7377; 0; 0; 1; -0.182; -0.3; -2.5;-0.182; -0.3; -2.5;0.011; 0; 0;0; 0; 0;
581;7.376739;452.504; 49.7377; 9.24387; 452.504; 49.7377; 0; 0; 1; -0.171; -0.3; -2.5;-0.171; -0.3; -2.5;0.011; 0; 0;0; 0; 0;
582;7.387828;450.469; 49.7377; 9.24387; 450.469; 49.7377; 0; 0; 1; -0.16; -0.3; -2.5;-0.16; -0.3; -2.5;0.011; 0; 0;0; 0; 0;
583;7.399164;448.433; 49.7377; 9.24387; 448.433; 49.7377; 0; 0; 1; -0.149; -0.3; -2.5;-0.149; -0.3; -2.5;0.011; 0; 0;0; 0; 0;
584;7.410045;446.398; 49.7377; 9.24387; 446.398; 49.7377; 0; 0; 1; -0.138; -0.3; -2.5;-0.138; -0.3; -2.5;0.011; 0; 0;0; 0; 0;
585;7.421647;444.362; 49.7377; 9.24387; 444.362; 49.7377; 0; 0; 1; -0.127; -0.3; -2.5;-0.127; -0.3; -2.5;0.011; 0; 0;0; 0; 0;
586;7.432333;442.327; 49.7377; 9.24387; 442.327; 49.7377; 0; 0; 1; -0.116; -0.3; -2.5;-0.116; -0.3; -2.5;0.011; 0; 0;0; 0; 0;
587;7.443672;440.291; 49.7377; 9.24387; 440.291; 49.7377; 0; 0; 1; -0.105; -0.3; -2.5;-0.105; -0.3; -2.5;0.011; 0; 0;0; 0; 0;
588;7.454969;438.255; 49.7377; 9.24387; 438.255; 49.7377; 0; 0; 1; -0.094; -0.3; -2.5;-0.094; -0.3; -2.5;0.011; 0; 0;0; 0; 0;
589;7.465793;436.22; 49.7377; 9.24387; 436.22; 49.7377; 0; 0; 1; -0.083; -0.3; -2.5;-0.083; -0.3; -2.5;0.011; 0; 0;0; 0; 0;
590;7.476842;434.184; 49.7377; 9.24387; 434.184; 49.7377; 0; 0; 1; -0.072; -0.3; -2.5;-0.072; -0.3; -2.5;0.011; 0; 0;0; 0; 0;
591;7.488593;432.149; 49.7377; 9.24387; 432.149; 49.7377; 0; 0; 1; -0.061; -0.3; -2.5;-0.061; -0.3; -2.5;0.011; 0; 0;0; 0; 0;
592;7.499239;430.113; 49.7377; 9.24387; 430.113; 49.7377; 0; 0; 1; -0.05; -0.3; -2.5;-0.05; -0.3; -2.5;0.011; 0; 0;0; 0; 0;
593;7.510227;428.078; 49.7377; 9.24387; 428.078; 49.7377; 0; 0; 1; -0.039; -0.3; -2.5;-0.039; -0.3; -2.5;0.011; 0; 0;0; 0; 0;
594;7.521344;426.042; 49.7377; 9.24387; 426.042; 49.7377; 0; 0; 1; -0.028; -0.3; -2.5;-0.028; -0.3; -2.5;0.011; 0; 0;0; 0; 0;
595;7.532947;424.007; 49.7377; 9.24387; 424.007; 49.7377; 0; 0; 1; -0.017; -0.3; -2.5;-0.017; -0.3; -2.5;0.011; 0; 0;0; 0; 0;
596;7.543654;421.971; 49.7377; 9.24387; 421.971; 49.7377; 0; 0; 1; -0.006; -0.3; -2.5;-0.006; -0.3; -2.5;0.011; 0; 0;0; 0; 0;
597;7.554841;419.936; 49.7377; 9.24387; 419.936; 49.7377; 0; 0; 1; 0.005; -0.3; -2.5;0.005; -0.3; -2.5;0.011; 0; 0;0; 0; 0;
598;7.565880;417.9; 49.7377; 9.24387; 417.9; 49.7377; 0; 0; 1; 0.016; -0.3; -2.5;0.016; -0.3; -2.5;0.011; 0; 0;0; 0; 0;
599;7.577148;415.865; 49.7377; 9.24387; 415.865; 49.7377; 0; 0; 1; 0.027; -0.3; -2.5;0.027; -0.3; -2.5;0.011; 0; 0;0; 0; 0;
600;7.588180;413.829; 49.7377; 9.24387; 413.829; 49.7377; 0; 0; 1; 0.038; -0.3; -2.5;0.038; -0.3; -2.5;0.011; 0; 0;0; 0; 0;
601;7.599381;411.794; 49.7377; 9.24387; 411.794; 49.7377; 0; 0; 1; 0.049; -0.3; -2.5;0.049; -0.3; -2.5;0.011; 0; 0;0; 0; 0;
602;7.610406;409.758; 49.7377; 9.24387; 409.758; 49.7377; 0; 0; 1; 0.06; -0.3; -2.5;0.06; -0.3; -2.5;0.011; 0; 0;0; 0; 0;
603;7.622418;407.723; 49.7377; 9.24387; 407.723; 49.7377; 0; 0; 1; 0.071; -0.3; -2.5;0.071; -0.3; -2.5;0.011; 0; 0;0; 0; 0;
604;7.633022;405.687; 49.7377; 9.24387; 405.687; 49.7377; 0; 0; 1; 0.082; -0.3; -2.5;0.082; -0.3; -2.5;0.011; 0; 0;0; 0; 0;
605;7.643822;403.651; 49.7377; 9.24387; 403.651; 49.7377; 0; 0; 1; 0.093; -0.3; -2.5;0.093; -0.3; -2.5;0.011; 0; 0;0; 0; 0;
606;7.654939;401.616; 49.7377; 9.24387; 401.616; 49.7377; 0; 0; 1; 0.104; -0.3; -2.5;0.104; -0.3; -2.5;0.011; 0; 0;0; 0; 0;
607;7.666942;399.58; 49.7377; 9.24387; 399.58; 49.7377; 0; 0; 1; 0.115; -0.3; -2.5;0.115; -0.3; -2.5;0.011; 0; 0;0; 0; 0;
608;7.677282;397.545; 49.7377; 9.24387; 397.545; 49.7377; 0; 0; 1; 0.126; -0.3; -2.5;0.126; -0.3; -2.5;0.011; 0; 0;0; 0; 0;
609;7.688382;395.509; 49.7377; 9.24387; 395.509; 49.7377; 0; 0; 1; 0.137; -0.3; -2.5;0.137; -0.3; -2.5;0.011; 0; 0;0; 0; 0;
610;7.699499;393.474; 49.7377; 9.24387; 393.474; 49.7377; 0; 0; 1; 0.148; -0.3; -2.5;0.148; -0.3; -2.5;0.011; 0; 0;0; 0; 0;
611;7.710751;391.438; 49.7377; 9.24387; 391.438; 49.7377; 0; 0; 1; 0.159; -0.3; -2.5;0.159; -0.3; -2.5;0.011; 0; 0;0; 0; 0;
612;7.721755;389.403; 49.7377; 9.24387; 389.403; 49.7377; 0; 0; 1; 0.17; -0.3; -2.5;0.17; -0.3; -2.5;0.011; 0; 0;0; 0; 0;
613;7.732902;387.367; 49.7377; 9.24387; 387.367; 49.7377; 0; 0; 1; 0.181; -0.3; -2.5;0.181; -0.3; -2.5;0.011; 0; 0;0; 0; 0;
614;7.743994;385.332; 49.7377; 9.24387; 385.332; 49.7377; 0; 0; 1; 0.192; -0.3; -2.5;0.192; -0.3; -2.5;0.011; 0; 0;0; 0; 0;
615;7.755651;383.296; 49.7377; 9.24387; 383.296; 49.7377; 0; 0; 1; 0.203; -0.3; -2.5;0.203; -0.3; -2.5;0.011; 0; 0;0; 0; 0;
616;7.766378;381.261; 49.7377; 9.24387; 381.261; 49.7377; 0; 0; 1; 0.214; -0.3; -2.5;0.214; -0.3; -2.5;0.011; 0; 0;0; 0; 0;
617;7.777404;379.225; 49.7377; 9.24387; 379.225; 49.7377; 0; 0; 1; 0.225; -0.3; -2.5;0.225; -0.3; -2.5;0.011; 0; 0;0; 0; 0;
618;7.788529;377.19; 49.7377; 9.24387; 377.19; 49.7377; 0; 0; 1; 0.236; -0.3; -2.5;0.236; -0.3; -2.5;0.011; 0; 0;0; 0; 0;
619;7.800255;375.154; 49.7377; 9.24387; 375.154; 49.7377; 0; 0; 1; 0.247; -0.3; -2.5;0.247; -0.3; -2.5;0.011; 0; 0;0; 0; 0;
620;7.810784;373.118; 49.7377; 9.24387; 373.118; 49.7377; 0; 0; 1; 0.258; -0.3; -2.5;0.258; -0.3; -2.5;0.011; 0; 0;0; 0; 0;
621;7.821918;371.083; 49.7377; 9.24387; 371.083; 49.7377; 0; 0; 1; 0.269; -0.3; -2.5;0.269; -0.3; -2.5;0.011; 0; 0;0; 0; 0;
622;7.833131;369.047; 49.7377; 9.24387; 369.047; 49.7377; 0; 0; 1; 0.28; -0.3; -2.5;0.28; -0.3; -2.5;0.011; 0; 0;0; 0; 0;
623;7.844470;367.012; 49.7377; 9.24387; 367.012; 49.7377; 0; 0; 1; 0.291; -0.3; -2.5;0.291; -0.3; -2.5;0.011; 0; 0;0; 0; 0;
624;7.855309;364.976; 49.7377; 9.24387; 364.976; 49.7377; 0; 0; 1; 0.302; -0.3; -2.5;0.302; -0.3; -2.5;0.011; 0; 0;0; 0; 0;
625;7.866430;362.941; 49.7377; 9.24387; 362.941; 49.7377; 0; 0; 1; 0.313; -0.3; -2.5;0.313; -0.3; -2.5;0.011; 0; 0;0; 0; 0;
626;7.877572;360.905; 49.7377; 9.24387; 360.905; 49.7377; 0; 0; 1; 0.324; -0.3; -2.5;0.324; -0.3; -2.5;0.011; 0; 0;0; 0; 0;
627;7.889392;358.87; 49.7377; 9.24387; 358.87; 49.7377; 0; 0; 1; 0.335; -0.3; -2.5;0.335; -0.3; -2.5;0.011; 0; 0;0; 0; 0;
628;7.899846;356.834; 49.7377; 9.24387; 356.834; 49.7377; 0; 0; 1; 0.346; -0.3; -2.5;0.346; -0.3; -2.5;0.011; 0; 0;0; 0; 0;
629;7.910998;354.799; 49.7377; 9.24387; 354.799; 49.7377; 0; 0; 1; 0.357; -0.3; -2.5;0.357; -0.3; -2.5;0.011; 0; 0;0; 0; 0;
630;7.922218;352.763; 49.7377; 9.24387; 352.763; 49.7377; 0; 0; 1; 0.368; -0.3; -2.5;0.368; -0.3; -2.5;0.011; 0; 0;0; 0; 0;
631;7.933507;350.728; 49.7377; 9.24387; 350.728; 49.7377; 0; 0; 1; 0.379; -0.3; -2.5;0.379; -0.3; -2.5;0.011; 0; 0;0; 0; 0;
632;7.944390;348.692; 49.7377; 9.24387; 348.692; 49.7377; 0; 0; 1; 0.39; -0.3; -2.5;0.39; -0.3; -2.5;0.011; 0; 0;0; 0; 0;
633;7.955498;346.657; 49.7377; 9.24387; 346.657; 49.7377; 0; 0; 1; 0.401; -0.3; -2.5;0.401; -0.3; -2.5;0.011; 0; 0;0; 0; 0;
634;7.966588;344.621; 49.7377; 9.24387; 344.621; 49.7377; 0; 0; 1; 0.412; -0.3; -2.5;0.412; -0.3; -2.5;0.011; 0; 0;0; 0; 0;
635;7.977786;342.586; 49.7377; 9.24387; 342.586; 49.7377; 0; 0; 1; 0.423; -0.3; -2.5;0.423; -0.3; -2.5;0.011; 0; 0;0; 0; 0;
636;7.988927;340.55; 49.7377; 9.24387; 340.55; 49.7377; 0; 0; 1; 0.434; -0.3; -2.5;0.434; -0.3; -2.5;0.011; 0; 0;0; 0; 0;
637;8.000075;338.514; 49.7377; 9.24387; 338.514; 49.7377; 0; 0; 1; 0.445; -0.3; -2.5;0.445; -0.3; -2.5;0.011; 0; 0;0; 0; 0;
638;8.011115;336.479; 49.7377; 9.24387; 336.479; 49.7377; 0; 0; 1; 0.456; -0.3; -2.5;0.456; -0.3; -2.5;0.011; 0; 0;0; 0; 0;
639;8.022473;334.443; 49.7377; 9.24387; 334.443; 49.7377; 0; 0; 1; 0.467; -0.3; -2.5;0.467; -0.3; -2.5;0.011; 0; 0;0; 0; 0;
640;8.033718;332.408; 49.7377; 9.24387; 332.408; 49.7377; 0; 0; 1; 0.478; -0.3; -2.5;0.478; -0.3; -2.5;0.011; 0; 0;0; 0; 0;
641;8.044555;330.372; 49.7377; 9.24387; 330.372; 49.7377; 0; 0; 1; 0.489; -0.3; -2.5;0.489; -0.3; -2.5;0.011; 0; 0;0; 0; 0;
642;8.055717;328.337; 49.7377; 9.24387; 328.337; 49.7377; 0; 0; 1; 0.5; -0.3; -2.5;0.5; -0.3; -2.5;0.011; 0; 0;0; 0; 0;
643;8.067475;326.301; 49.7377; 9.24387; 326.301; 49.7377; 0; 0; 1; 0.511; -0.3; -2.5;0.511; -0.3; -2.5;0.011; 0; 0;0; 0; 0;
644;8.078145;324.266; 49.7377; 9.24387; 324.266; 49.7377; 0; 0; 1; 0.522; -0.3; -2.5;0.522; -0.3; -2.5;0.011; 0; 0;0; 0; 0;
645;8.089116;322.23; 49.7377; 9.24387; 322.23; 49.7377; 0; 0; 1; 0.533; -0.3; -2.5;0.533; -0.3; -2.5;0.011; 0; 0;0; 0; 0;
646;8.100237;320.195; 49.7377; 9.24387; 320.195; 49.7377; 0; 0; 1; 0.544; -0.3; -2.5;0.544; -0.3; -2.5;0.011; 0; 0;0; 0; 0;
647;8.111354;318.159; 49.7377; 9.24387; 318.159; 49.7377; 0; 0; 1; 0.555; -0.3; -2.5;0.555; -0.3; -2.5;0.011; 0; 0;0; 0; 0;
648;8.122508;316.124; 49.7377; 9.24387; 316.124; 49.7377; 0; 0; 1; 0.566; -0.3; -2.5;0.566; -0.3; -2.5;0.011; 0; 0;0; 0; 0;
649;8.133640;314.088; 49.7377; 9.24387; 314.088; 49.7377; 0; 0; 1; 0.577; -0.3; -2.5;0.577; -0.3; -2.5;0.011; 0; 0;0; 0; 0;
650;8.144767;312.053; 49.7377; 9.24387; 312.053; 49.7377; 0; 0; 1; 0.588; -0.3; -2.5;0.588; -0.3; -2.5;0.011; 0; 0;0; 0; 0;
651;8.155971;310.017; 49.7377; 9.24387; 310.017; 49.7377; 0; 0; 1; 0.599; -0.3; -2.5;0.599; -0.3; -2.5;0.011; 0; 0;0; 0; 0;
652;8.167075;307.981; 49.7377; 9.24387; 307.981; 49.7377; 0; 0; 1; 0.61; -0.3; -2.5;0.61; -0.3; -2.5;0.011; 0; 0;0; 0; 0;
653;8.178217;305.946; 49.7377; 9.24387; 305.946; 49.7377; 0; 0; 1; 0.621; -0.3; -2.5;0.621; -0.3; -2.5;0.011; 0; 0;0; 0; 0;
654;8.189300;303.91; 49.7377; 9.24387; 303.91; 49.7377; 0; 0; 1; 0.632; -0.3; -2.5;0.632; -0.3; -2.5;0.011; 0; 0;0; 0; 0;
655;8.201008;301.875; 49.7377; 9.24387; 301.875; 49.7377; 0; 0; 1; 0.643; -0.3; -2.5;0.643; -0.3; -2.5;0.011; 0; 0;0; 0; 0;
656;8.211568;299.839; 49.7377; 9.24387; 299.839; 49.7377; 0; 0; 1; 0.654; -0.3; -2.5;0.654; -0.3; -2.5;0.011; 0; 0;0; 0; 0;
657;8.222676;297.804; 49.7377; 9.24387; 297.804; 49.7377; 0; 0; 1; 0.665; -0.3; -2.5;0.665; -0.3; -2.5;0.011; 0; 0;0; 0; 0;
658;8.233796;295.768; 49.7377; 9.24387; 295.768; 49.7377; 0; 0; 1; 0.676; -0.3; -2.5;0.676; -0.3; -2.5;0.011; 0; 0;0; 0; 0;
659;8.244971;293.733; 49.7377; 9.24387; 293.733; 49.7377; 0; 0; 1; 0.687; -0.3; -2.5;0.687; -0.3; -2.5;0.011; 0; 0;0; 0; 0;
660;8.256070;291.697; 49.7377; 9.24387; 291.697; 49.7377; 0; 0; 1; 0.698; -0.3; -2.5;0.698; -0.3; -2.5;0.011; 0; 0;0; 0; 0;
661;8.267205;289.662; 49.7377; 9.24387; 289.662; 49.7377; 0; 0; 1; 0.709; -0.3; -2.5;0.709; -0.3; -2.5;0.011; 0; 0;0; 0; 0;
662;8.278361;287.626; 49.7377; 9.24387; 287.626; 49.7377; 0; 0; 1; 0.72; -0.3; -2.5;0.72; -0.3; -2.5;0.011; 0; 0;0; 0; 0;
663;8.289447;285.591; 49.7377; 9.24387; 285.591; 49.7377; 0; 0; 1; 0.731; -0.3; -2.5;0.731; -0.3; -2.5;0.011; 0; 0;0; 0; 0;
664;8.300648;283.555; 49.7377; 9.24387; 283.555; 49.7377; 0; 0; 1; 0.742; -0.3; -2.5;0.742; -0.3; -2.5;0.011; 0; 0;0; 0; 0;
665;8.311731;281.52; 49.7377; 9.24387; 281.52; 49.7377; 0; 0; 1; 0.753; -0.3; -2.5;0.753; -0.3; -2.5;0.011; 0; 0;0; 0; 0;
666;8.322859;279.484; 49.7377; 9.24387; 279.484; 49.7377; 0; 0; 1; 0.764; -0.3; -2.5;0.764; -0.3; -2.5;0.011; 0; 0;0; 0; 0;
667;8.334593;277.449; 49.7377; 9.24387; 277.449; 49.7377; 0; 0; 1; 0.775; -0.3; -2.5;0.775; -0.3; -2.5;0.011; 0; 0;0; 0; 0;
668;8.345116;275.413; 49.7377; 9.24387; 275.413; 49.7377; 0; 0; 1; 0.786; -0.3; -2.5;0.786; -0.3; -2.5;0.011; 0; 0;0; 0; 0;
669;8.356290;273.377; 49.7377; 9.24387; 273.377; 49.7377; 0; 0; 1; 0.797; -0.3; -2.5;0.797; -0.3; -2.5;0.011; 0; 0;0; 0; 0;
670;8.367380;271.342; 49.7377; 9.24387; 271.342; 49.7377; 0; 0; 1; 0.808; -0.3; -2.5;0.808; -0.3; -2.5;0.011; 0; 0;0; 0; 0;
671;8.378636;269.306; 49.7377; 9.24387; 269.306; 49.7377; 0; 0; 1; 0.819; -0.3; -2.5;0.819; -0.3; -2.5;0.011; 0; 0;0; 0; 0;
672;8.389641;267.271; 49.7377; 9.24387; 267.271; 49.7377; 0; 0; 1; 0.83; -0.3; -2.5;0.83; -0.3; -2.5;0.011; 0; 0;0; 0; 0;
673;8.400771;265.235; 49.7377; 9.24387; 265.235; 49.7377; 0; 0; 1; 0.841; -0.3; -2.5;0.841; -0.3; -2.5;0.011; 0; 0;0; 0; 0;
674;8.411934;263.2; 49.7377; 9.24387; 263.2; 49.7377; 0; 0; 1; 0.852; -0.3; -2.5;0.852; -0.3; -2.5;0.011; 0; 0;0; 0; 0;
675;8.423152;261.164; 49.7377; 9.24387; 261.164; 49.7377; 0; 0; 1; 0.863; -0.3; -2.5;0.863; -0.3; -2.5;0.011; 0; 0;0; 0; 0;
676;8.434242;259.129; 49.7377; 9.24387; 259.129; 49.7377; 0; 0; 1; 0.874; -0.3; -2.5;0.874; -0.3; -2.5;0.011; 0; 0;0; 0; 0;
677;8.445352;257.093; 49.7377; 9.24387; 257.093; 49.7377; 0; 0; 1; 0.885; -0.3; -2.5;0.885; -0.3; -2.5;0.011; 0; 0;0; 0; 0;
678;8.456416;255.058; 49.7377; 9.24387; 255.058; 49.7377; 0; 0; 1; 0.896; -0.3; -2.5;0.896; -0.3; -2.5;0.011; 0; 0;0; 0; 0;
679;8.467764;253.022; 49.7377; 9.24387; 253.022; 49.7377; 0; 0; 1; 0.907; -0.3; -2.5;0.907; -0.3; -2.5;0.011; 0; 0;0; 0; 0;
680;8.478678;250.987; 49.7377; 9.24387; 250.987; 49.7377; 0; 0; 1; 0.918; -0.3; -2.5;0.918; -0.3; -2.5;0.011; 0; 0;0; 0; 0;
681;8.489911;248.951; 49.7377; 9.24387; 248.951; 49.7377; 0; 0; 1; 0.929; -0.3; -2.5;0.929; -0.3; -2.5;0.011; 0; 0;0; 0; 0;
682;8.500956;246.916; 49.7377; 9.24387; 246.916; 49.7377; 0; 0; 1; 0.94; -0.3; -2.5;0.94; -0.3; -2.5;0.011; 0; 0;0; 0; 0;
683;8.512120;244.88; 49.7377; 9.24387; 244.88; 49.7377; 0; 0; 1; 0.951; -0.3; -2.5;0.951; -0.3; -2.5;0.011; 0; 0;0; 0; 0;
684;8.523240;242.844; 49.7377; 9.24387; 242.844; 49.7377; 0; 0; 1; 0.962; -0.3; -2.5;0.962; -0.3; -2.5;0.011; 0; 0;0; 0; 0;
685;8.534505;240.809; 49.7377; 9.24387; 240.809; 49.7377; 0; 0; 1; 0.973; -0.3; -2.5;0.973; -0.3; -2.5;0.011; 0; 0;0; 0; 0;
686;8.545505;238.773; 49.7377; 9.24387; 238.773; 49.7377; 0; 0; 1; 0.984; -0.3; -2.5;0.984; -0.3; -2.5;0.011; 0; 0;0; 0; 0;
687;8.556648;236.738; 49.7377; 9.24387; 236.738; 49.7377; 0; 0; 1; 0.995; -0.3; -2.5;0.995; -0.3; -2.5;0.011; 0; 0;0; 0; 0;
688;8.567765;234.702; 49.7377; 9.24387; 234.702; 49.7377; 0; 0; 1; 1.006; -0.3; -2.5;1.006; -0.3; -2.5;0.011; 0; 0;0; 0; 0;
689;8.578981;232.667; 49.7377; 9.24387; 232.667; 49.7377; 0; 0; 1; 1.017; -0.3; -2.5;1.017; -0.3; -2.5;0.011; 0; 0;0; 0; 0;
690;8.590032;230.631; 49.7377; 9.24387; 230.631; 49.7377; 0; 0; 1; 1.028; -0.3; -2.5;1.028; -0.3; -2.5;0.011; 0; 0;0; 0; 0;
691;8.602190;228.596; 49.7377; 9.24387; 228.596; 49.7377; 0; 0; 1; 1.039; -0.3; -2.5;1.039; -0.3; -2.5;0.011; 0; 0;0; 0; 0;
692;8.612384;226.56; 49.7377; 9.24387; 226.56; 49.7377; 0; 0; 1; 1.05; -0.3; -2.5;1.05; -0.3; -2.5;0.011; 0; 0;0; 0; 0;
693;8.623417;224.525; 49.7377; 9.24387; 224.525; 49.7377; 0; 0; 1; 1.061; -0.3; -2.5;1.061; -0.3; -2.5;0.011; 0; 0;0; 0; 0;
694;8.634534;222.489; 49.7377; 9.24387; 222.489; 49.7377; 0; 0; 1; 1.072; -0.3; -2.5;1.072; -0.3; -2.5;0.011; 0; 0;0; 0; 0;
695;8.646053;220.454; 49.7377; 9.24387; 220.454; 49.7377; 0; 0; 1; 1.083; -0.3; -2.5;1.083; -0.3; -2.5;0.011; 0; 0;0; 0; 0;
696;8.656804;218.418; 49.7377; 9.24387; 218.418; 49.7377; 0; 0; 1; 1.094; -0.3; -2.5;1.094; -0.3; -2.5;0.011; 0; 0;0; 0; 0;
697;8.668148;216.383; 49.7377; 9.24387; 216.383; 49.7377; 0; 0; 1; 1.105; -0.3; -2.5;1.105; -0.3; -2.5;0.011; 0; 0;0; 0; 0;
698;8.679122;214.347; 49.7377; 9.24387; 214.347; 49.7377; 0; 0; 1; 1.116; -0.3; -2.5;1.116; -0.3; -2.5;0.011; 0; 0;0; 0; 0;
699;8.690240;212.312; 49.7377; 9.24387; 212.312; 49.7377; 0; 0; 1; 1.127; -0.3; -2.5;1.127; -0.3; -2.5;0.011; 0; 0;0; 0; 0;
700;8.701386;210.276; 49.7377; 9.24387; 210.276; 49.7377; 0; 0; 1; 1.138; -0.3; -2.5;1.138; -0.3; -2.5;0.011; 0; 0;0; 0; 0;
701;8.712575;208.24; 49.7377; 9.24387; 208.24; 49.7377; 0; 0; 1; 1.149; -0.3; -2.5;1.149; -0.3; -2.5;0.011; 0; 0;0; 0; 0;
702;8.723614;206.205; 49.7377; 9.24387; 206.205; 49.7377; 0; 0; 1; 1.16; -0.3; -2.5;1.16; -0.3; -2.5;0.011; 0; 0;0; 0; 0;
703;8.734924;204.169; 49.7377; 9.24387; 204.169; 49.7377; 0; 0; 1; 1.171; -0.3; -2.5;1.171; -0.3; -2.5;0.011; 0; 0;0; 0; 0;
704;8.746004;202.134; 49.7377; 9.24387; 202.134; 49.7377; 0; 0; 1; 1.182; -0.3; -2.5;1.182; -0.3; -2.5;0.011; 0; 0;0; 0; 0;
705;8.757007;200.098; 49.7377; 9.24387; 200.098; 49.7377; 0; 0; 1; 1.193; -0.3; -2.5;1.193; -0.3; -2.5;0.011; 0; 0;0; 0; 0;
706;8.768160;198.063; 49.7377; 9.24387; 198.063; 49.7377; 0; 0; 1; 1.204; -0.3; -2.5;1.204; -0.3; -2.5;0.011; 0; 0;0; 0; 0;
707;8.779300;196.027; 49.7377; 9.24387; 196.027; 49.7377; 0; 0; 1; 1.215; -0.3; -2.5;1.215; -0.3; -2.5;0.011; 0; 0;0; 0; 0;
708;8.790419;193.992; 49.7377; 9.24387; 193.992; 49.7377; 0; 0; 1; 1.226; -0.3; -2.5;1.226; -0.3; -2.5;0.011; 0; 0;0; 0; 0;
709;8.801557;191.956; 49.7377; 9.24387; 191.956; 49.7377; 0; 0; 1; 1.237; -0.3; -2.5;1.237; -0.3; -2.5;0.011; 0; 0;0; 0; 0;
710;8.812652;189.921; 49.7377; 9.24387; 189.921; 49.7377; 0; 0; 1; 1.248; -0.3; -2.5;1.248; -0.3; -2.5;0.011; 0; 0;0; 0; 0;
711;8.823828;187.885; 49.7377; 9.24387; 187.885; 49.7377; 0; 0; 1; 1.259; -0.3; -2.5;1.259; -0.3; -2.5;0.011; 0; 0;0; 0; 0;
712;8.834963;185.85; 49.7377; 9.24387; 185.85; 49.7377; 0; 0; 1; 1.27; -0.3; -2.5;1.27; -0.3; -2.5;0.011; 0; 0;0; 0; 0;
713;8.846094;183.814; 49.7377; 9.24387; 183.814; 49.7377; 0; 0; 1; 1.281; -0.3; -2.5;1.281; -0.3; -2.5;0.011; 0; 0;0; 0; 0;
714;8.857212;181.779; 49.7377; 9.24387; 181.779; 49.7377; 0; 0; 1; 1.292; -0.3; -2.5;1.292; -0.3; -2.5;0.011; 0; 0;0; 0; 0;
715;8.868943;179.743; 49.7377; 9.24387; 179.743; 49.7377; 0; 0; 1; 1.303; -0.3; -2.5;1.303; -0.3; -2.5;0.011; 0; 0;0; 0; 0;
716;8.879483;177.708; 49.7377; 9.24387; 177.708; 49.7377; 0; 0; 1; 1.314; -0.3; -2.5;1.314; -0.3; -2.5;0.011; 0; 0;0; 0; 0;
717;8.890613;175.672; 49.7377; 9.24387; 175.672; 49.7377; 0; 0; 1; 1.325; -0.3; -2.5;1.325; -0.3; -2.5;0.011; 0; 0;0; 0; 0;
718;8.901720;173.636; 49.7377; 9.24387; 173.636; 49.7377; 0; 0; 1; 1.336; -0.3; -2.5;1.336; -0.3; -2.5;0.011; 0; 0;0; 0; 0;
719;8.913925;171.601; 49.7377; 9.24387; 171.601; 49.7377; 0; 0; 1; 1.347; -0.3; -2.5;1.347; -0.3; -2.5;0.011; 0; 0;0; 0; 0;
720;8.923994;169.565; 49.7377; 9.24387; 169.565; 49.7377; 0; 0; 1; 1.358; -0.3; -2.5;1.358; -0.3; -2.5;0.011; 0; 0;0; 0; 0;
721;8.935129;167.53; 49.7377; 9.24387; 167.53; 49.7377; 0; 0; 1; 1.369; -0.3; -2.5;1.369; -0.3; -2.5;0.011; 0; 0;0; 0; 0;
722;8.946265;165.494; 49.7377; 9.24387; 165.494; 49.7377; 0; 0; 1; 1.38; -0.3; -2.5;1.38; -0.3; -2.5;0.011; 0; 0;0; 0; 0;
723;8.957434;163.459; 49.7377; 9.24387; 163.459; 49.7377; 0; 0; 1; 1.391; -0.3; -2.5;1.391; -0.3; -2.5;0.011; 0; 0;0; 0; 0;
724;8.968554;161.423; 49.7377; 9.24387; 161.423; 49.7377; 0; 0; 1; 1.402; -0.3; -2.5;1.402; -0.3; -2.5;0.011; 0; 0;0; 0; 0;
725;8.979723;159.388; 49.7377; 9.24387; 159.388; 49.7377; 0; 0; 1; 1.413; -0.3; -2.5;1.413; -0.3; -2.5;0.011; 0; 0;0; 0; 0;
726;8.990789;157.352; 49.7377; 9.24387; 157.352; 49.7377; 0; 0; 1; 1.424; -0.3; -2.5;1.424; -0.3; -2.5;0.011; 0; 0;0; 0; 0;
727;9.002088;155.317; 49.7377; 9.24387; 155.317; 49.7377; 0; 0; 1; 1.435; -0.3; -2.5;1.435; -0.3; -2.5;0.011; 0; 0;0; 0; 0;
728;9.013102;153.281; 49.7377; 9.24387; 153.281; 49.7377; 0; 0; 1; 1.446; -0.3; -2.5;1.446; -0.3; -2.5;0.011; 0; 0;0; 0; 0;
729;9.024217;151.246; 49.7377; 9.24387; 151.246; 49.7377; 0; 0; 1; 1.457; -0.3; -2.5;1.457; -0.3; -2.5;0.011; 0; 0;0; 0; 0;
730;9.035300;149.21; 49.7377; 9.24387; 149.21; 49.7377; 0; 0; 1; 1.468; -0.3; -2.5;1.468; -0.3; -2.5;0.011; 0; 0;0; 0; 0;
731;9.046593;147.175; 49.7377; 9.24387; 147.175; 49.7377; 0; 0; 1; 1.479; -0.3; -2.5;1.479; -0.3; -2.5;0.011; 0; 0;0; 0; 0;
732;9.057573;145.139; 49.7377; 9.24387; 145.139; 49.7377; 0; 0; 1; 1.49; -0.3; -2.5;1.49; -0.3; -2.5;0.011; 0; 0;0; 0; 0;
733;9.068713;143.103; 49.7377; 9.24387; 143.103; 49.7377; 0; 0; 1; 1.501; -0.3; -2.5;1.501; -0.3; -2.5;0.011; 0; 0;0; 0; 0;
734;9.079834;141.068; 49.7377; 9.24387; 141.068; 49.7377; 0; 0; 1; 1.512; -0.3; -2.5;1.512; -0.3; -2.5;0.011; 0; 0;0; 0; 0;
735;9.091045;139.032; 49.7377; 9.24387; 139.032; 49.7377; 0; 0; 1; 1.523; -0.3; -2.5;1.523; -0.3; -2.5;0.011; 0; 0;0; 0; 0;
736;9.102103;136.997; 49.7377; 9.24387; 136.997; 49.7377; 0; 0; 1; 1.534; -0.3; -2.5;1.534; -0.3; -2.5;0.011; 0; 0;0; 0; 0;
737;9.113270;134.961; 49.7377; 9.24387; 134.961; 49.7377; 0; 0; 1; 1.545; -0.3; -2.5;1.545; -0.3; -2.5;0.011; 0; 0;0; 0; 0;
738;9.124331;132.926; 49.7377; 9.24387; 132.926; 49.7377; 0; 0; 1; 1.556; -0.3; -2.5;1.556; -0.3; -2.5;0.011; 0; 0;0; 0; 0;
739;9.135644;130.89; 49.7377; 9.24387; 130.89; 49.7377; 0; 0; 1; 1.567; -0.3; -2.5;1.567; -0.3; -2.5;0.011; 0; 0;0; 0; 0;
740;9.146708;128.855; 49.7377; 9.24387; 128.855; 49.7377; 0; 0; 1; 1.578; -0.3; -2.5;1.578; -0.3; -2.5;0.011; 0; 0;0; 0; 0;
741;9.157833;126.819; 49.7377; 9.24387; 126.819; 49.7377; 0; 0; 1; 1.589; -0.3; -2.5;1.589; -0.3; -2.5;0.011; 0; 0;0; 0; 0;
742;9.168874;124.784; 49.7377; 9.24387; 124.784; 49.7377; 0; 0; 1; 1.6; -0.3; -2.5;1.6; -0.3; -2.5;0.011; 0; 0;0; 0; 0;
743;9.180052;122.748; 49.7377; 9.24387; 122.748; 49.7377; 0; 0; 1; 1.611; -0.3; -2.5;1.611; -0.3; -2.5;0.011; 0; 0;0; 0; 0;
744;9.191160;120.713; 49.7377; 9.24387; 120.713; 49.7377; 0; 0; 1; 1.622; -0.3; -2.5;1.622; -0.3; -2.5;0.011; 0; 0;0; 0; 0;
745;9.202294;118.677; 49.7377; 9.24387; 118.677; 49.7377; 0; 0; 1; 1.633; -0.3; -2.5;1.633; -0.3; -2.5;0.011; 0; 0;0; 0; 0;
746;9.213450;116.642; 49.7377; 9.24387; 116.642; 49.7377; 0; 0; 1; 1.644; -0.3; -2.5;1.644; -0.3; -2.5;0.011; 0; 0;0; 0; 0;
747;9.224658;114.606; 49.7377; 9.24387; 114.606; 49.7377; 0; 0; 1; 1.655; -0.3; -2.5;1.655; -0.3; -2.5;0.011; 0; 0;0; 0; 0;
748;9.235706;112.571; 49.7377; 9.24387; 112.571; 49.7377; 0; 0; 1; 1.666; -0.3; -2.5;1.666; -0.3; -2.5;0.011; 0; 0;0; 0; 0;
749;9.246877;110.535; 49.7377; 9.24387; 110.535; 49.7377; 0; 0; 1; 1.677; -0.3; -2.5;1.677; -0.3; -2.5;0.011; 0; 0;0; 0; 0;
750;9.257936;108.499; 49.7377; 9.24387; 108.499; 49.7377; 0; 0; 1; 1.688; -0.3; -2.5;1.688; -0.3; -2.5;0.011; 0; 0;0; 0; 0;
751;9.269619;106.464; 49.7377; 9.24387; 106.464; 49.7377; 0; 0; 1; 1.699; -0.3; -2.5;1.699; -0.3; -2.5;0.011; 0; 0;0; 0; 0;
752;9.280250;104.428; 49.7377; 9.24387; 104.428; 49.7377; 0; 0; 1; 1.71; -0.3; -2.5;1.71; -0.3; -2.5;0.011; 0; 0;0; 0; 0;
753;9.291373;102.393; 49.7377; 9.24387; 102.393; 49.7377; 0; 0; 1; 1.721; -0.3; -2.5;1.721; -0.3; -2.5;0.011; 0; 0;0; 0; 0;
754;9.302477;100.357; 49.7377; 9.24387; 100.357; 49.7377; 0; 0; 1; 1.732; -0.3; -2.5;1.732; -0.3; -2.5;0.011; 0; 0;0; 0; 0;
755;9.314555;98.3218; 49.7377; 9.24387; 98.3218; 49.7377; 0; 0; 1; 1.743; -0.3; -2.5;1.743; -0.3; -2.5;0.011; 0; 0;0; 0; 0;
756;9.324712;96.2863; 49.7377; 9.24387; 96.2863; 49.7377; 0; 0; 1; 1.754; -0.3; -2.5;1.754; -0.3; -2.5;0.011; 0; 0;0; 0; 0;
757;9.335888;94.2507; 49.7377; 9.24387; 94.2507; 49.7377; 0; 0; 1; 1.765; -0.3; -2.5;1.765; -0.3; -2.5;0.011; 0; 0;0; 0; 0;
758;9.347036;92.2152; 49.7377; 9.24387; 92.2152; 49.7377; 0; 0; 1; 1.776; -0.3; -2.5;1.776; -0.3; -2.5;0.011; 0; 0;0; 0; 0;
759;9.359196;90.1797; 49.7377; 9.24387; 90.1797; 49.7377; 0; 0; 1; 1.787; -0.3; -2.5;1.787; -0.3; -2.5;0.011; 0; 0;0; 0; 0;
760;9.369281;88.1441; 49.7377; 9.24387; 88.1441; 49.7377; 0; 0; 1; 1.798; -0.3; -2.5;1.798; -0.3; -2.5;0.011; 0; 0;0; 0; 0;
761;9.380419;86.1086; 49.7377; 9.24387; 86.1086; 49.7377; 0; 0; 1; 1.809; -0.3; -2.5;1.809; -0.3; -2.5;0.011; 0; 0;0; 0; 0;
762;9.391500;84.0731; 49.7377; 9.24387; 84.0731; 49.7377; 0; 0; 1; 1.82; -0.3; -2.5;1.82; -0.3; -2.5;0.011; 0; 0;0; 0; 0;
763;9.402872;82.0375; 49.7377; 9.24387; 82.0375; 49.7377; 0; 0; 1; 1.831; -0.3; -2.5;1.831; -0.3; -2.5;0.011; 0; 0;0; 0; 0;
764;9.413853;80.002; 49.7377; 9.24387; 80.002; 49.7377; 0; 0; 1; 1.842; -0.3; -2.5;1.842; -0.3; -2.5;0.011; 0; 0;0; 0; 0;
765;9.424909;77.9665; 49.7377; 9.24387; 77.9664; 49.7377; 0; 0; 1; 1.853; -0.3; -2.5;1.853; -0.3; -2.5;0.011; 0; 0;0; 0; 0;
766;9.436101;75.931; 49.7377; 9.24387; 75.9309; 49.7377; 0; 0; 1; 1.864; -0.3; -2.5;1.864; -0.3; -2.5;0.011; 0; 0;0; 0; 0;
767;9.447632;73.8954; 49.7377; 9.24387; 73.8954; 49.7377; 0; 0; 1; 1.875; -0.3; -2.5;1.875; -0.3; -2.5;0.011; 0; 0;0; 0; 0;
768;9.458292;71.8599; 49.7377; 9.24387; 71.8599; 49.7377; 0; 0; 1; 1.886; -0.3; -2.5;1.886; -0.3; -2.5;0.011; 0; 0;0; 0; 0;
769;9.469454;69.8244; 49.7377; 9.24387; 69.8243; 49.7377; 0; 0; 1; 1.897; -0.3; -2.5;1.897; -0.3; -2.5;0.011; 0; 0;0; 0; 0;
770;9.480595;67.7888; 49.7377; 9.24387; 67.7888; 49.7377; 0; 0; 1; 1.908; -0.3; -2.5;1.908; -0.3; -2.5;0.011; 0; 0;0; 0; 0;
771;9.492840;65.7533; 49.7377; 9.24387; 65.7533; 49.7377; 0; 0; 1; 1.919; -0.3; -2.5;1.919; -0.3; -2.5;0.011; 0; 0;0; 0; 0;
772;9.502874;63.7178; 49.7377; 9.24387; 63.7178; 49.7377; 0; 0; 1; 1.93; -0.3; -2.5;1.93; -0.3; -2.5;0.011; 0; 0;0; 0; 0;
773;9.514051;61.6822; 49.7377; 9.24387; 61.6822; 49.7377; 0; 0; 1; 1.941; -0.3; -2.5;1.941; -0.3; -2.5;0.011; 0; 0;0; 0; 0;
774;9.525050;59.6467; 49.7377; 9.24387; 59.6467; 49.7377; 0; 0; 1; 1.952; -0.3; -2.5;1.952; -0.3; -2.5;0.011; 0; 0;0; 0; 0;
775;9.537140;57.6112; 49.7377; 9.24387; 57.6112; 49.7377; 0; 0; 1; 1.963; -0.3; -2.5;1.963; -0.3; -2.5;0.011; 0; 0;0; 0; 0;
776;9.547566;55.5756; 49.7377; 9.24387; 55.5756; 49.7377; 0; 0; 1; 1.974; -0.3; -2.5;1.974; -0.3; -2.5;0.011; 0; 0;0; 0; 0;
777;9.558551;53.5401; 49.7377; 9.24387; 53.5401; 49.7377; 0; 0; 1; 1.985; -0.3; -2.5;1.985; -0.3; -2.5;0.011; 0; 0;0; 0; 0;
778;9.569865;51.5046; 49.7377; 9.24387; 51.5046; 49.7377; 0; 0; 1; 1.996; -0.3; -2.5;1.996; -0.3; -2.5;0.011; 0; 0;0; 0; 0;
779;9.580812;49.4691; 49.7377; 9.24387; 49.4691; 49.7377; 0; 0; 1; 2.007; -0.3; -2.5;2.007; -0.3; -2.5;0.011; 0; 0;0; 0; 0;
780;9.591926;47.4335; 49.7377; 9.24387; 47.4335; 49.7377; 0; 0; 1; 2.018; -0.3; -2.5;2.018; -0.3; -2.5;0.011; 0; 0;0; 0; 0;
781;9.603444;45.398; 49.7377; 9.24387; 45.398; 49.7377; 0; 0; 1; 2.029; -0.3; -2.5;2.029; -0.3; -2.5;0.011; 0; 0;0; 0; 0;
782;9.614194;43.3625; 49.7377; 9.24387; 43.3625; 49.7377; 0; 0; 1; 2.04; -0.3; -2.5;2.04; -0.3; -2.5;0.011; 0; 0;0; 0; 0;
783;9.625410;41.3269; 49.7377; 9.24387; 41.3269; 49.7377; 0; 0; 1; 2.051; -0.3; -2.5;2.051; -0.3; -2.5;0.011; 0; 0;0; 0; 0;
784;9.636474;39.2914; 49.7377; 9.24387; 39.2914; 49.7377; 0; 0; 1; 2.062; -0.3; -2.5;2.062; -0.3; -2.5;0.011; 0; 0;0; 0; 0;
785;9.647576;37.2559; 49.7377; 9.24387; 37.2559; 49.7377; 0; 0; 1; 2.073; -0.3; -2.5;2.073; -0.3; -2.5;0.011; 0; 0;0; 0; 0;
786;9.658706;35.2203; 49.7377; 9.24387; 35.2203; 49.7377; 0; 0; 1; 2.084; -0.3; -2.5;2.084; -0.3; -2.5;0.011; 0; 0;0; 0; 0;
787;9.669967;33.1848; 49.7377; 9.24387; 33.1848; 49.7377; 0; 0; 1; 2.095; -0.3; -2.5;2.095; -0.3; -2.5;0.011; 0; 0;0; 0; 0;
788;9.680960;31.1493; 49.7377; 9.24387; 31.1493; 49.7377; 0; 0; 1; 2.106; -0.3; -2.5;2.106; -0.3; -2.5;0.011; 0; 0;0; 0; 0;
789;9.692161;29.1137; 49.7377; 9.24387; 29.1137; 49.7377; 0; 0; 1; 2.117; -0.3; -2.5;2.117; -0.3; -2.5;0.011; 0; 0;0; 0; 0;
790;9.703643;27.0782; 49.7377; 9.24387; 27.0782; 49.7377; 0; 0; 1; 2.128; -0.3; -2.5;2.128; -0.3; -2.5;0.011; 0; 0;0; 0; 0;
791;9.714535;25.0427; 49.7377; 9.24387; 25.0427; 49.7377; 0; 0; 1; 2.139; -0.3; -2.5;2.139; -0.3; -2.5;0.011; 0; 0;0; 0; 0;
792;9.725439;23.0071; 49.7377; 9.24387; 23.0071; 49.7377; 0; 0; 1; 2.15; -0.3; -2.5;2.15; -0.3; -2.5;0.011; 0; 0;0; 0; 0;
793;9.737091;20.9716; 49.7377; 9.24387; 20.9716; 49.7377; 0; 0; 1; 2.161; -0.3; -2.5;2.161; -0.3; -2.5;0.011; 0; 0;0; 0; 0;
794;9.747708;18.9361; 49.7377; 9.24387; 18.9361; 49.7377; 0; 0; 1; 2.172; -0.3; -2.5;2.172; -0.3; -2.5;0.011; 0; 0;0; 0; 0;
795;9.759039;16.9005; 49.7377; 9.24387; 16.9005; 49.7377; 0; 0; 1; 2.183; -0.3; -2.5;2.183; -0.3; -2.5;0.011; 0; 0;0; 0; 0;
796;9.770156;14.865; 49.7377; 9.24387; 14.865; 49.7377; 0; 0; 1; 2.194; -0.3; -2.5;2.194; -0.3; -2.5;0.011; 0; 0;0; 0; 0;
797;9.781192;12.8295; 49.7377; 9.24387; 12.8295; 49.7377; 0; 0; 1; 2.205; -0.3; -2.5;2.205; -0.3; -2.5;0.011; 0; 0;0; 0; 0;
798;9.792293;10.7939; 49.7377; 9.24387; 10.7939; 49.7377; 0; 0; 1; 2.216; -0.3; -2.5;2.216; -0.3; -2.5;0.011; 0; 0;0; 0; 0;
799;9.804625;8.75843; 49.7377; 9.24387; 8.75843; 49.7377; 0; 0; 1; 2.227; -0.3; -2.5;2.227; -0.3; -2.5;0.011; 0; 0;0; 0; 0;
800;9.814530;6.72291; 49.7377; 9.24387; 6.72291; 49.7377; 0; 0; 1; 2.238; -0.3; -2.5;2.238; -0.3; -2.5;0.011; 0; 0;0; 0; 0;
801;9.825666;4.68735; 49.7377; 9.24387; 4.68735; 49.7377; 0; 0; 1; 2.249; -0.3; -2.5;2.249; -0.3; -2.5;0.011; 0; 0;0; 0; 0;
802;9.837290;2.65183; 49.7377; 9.24387; 2.65183; 49.7377; 0; 0; 1; 2.26; -0.3; -2.5;2.26; -0.3; -2.5;0.011; 0; 0;0; 0; 0;
803;9.848807;0.616318; 49.7377; 9.24387; 0.616318; 49.7377; 0; 0; 1; 2.271; -0.3; -2.5;2.271; -0.3; -2.5;0.011; 0; 0;0; 0; 0;
804;9.859054;-1.41924; 49.7377; 9.24387; -1; -1; 0; 0; 1; 2.282; -0.3; -2.5;2.282; -0.3; -2.5;0.011; 0; 0;0; 0; 0;
805;9.870727;-3.45476; 49.7377; 9.24387; -1; -1; 0; 0; 1; 2.293; -0.3; -2.5;2.293; -0.3; -2.5;0.011; 0; 0;0; 0; 0;
806;9.881308;-5.49027; 49.7377; 9.24387; -1; -1; 0; 0; 1; 2.304; -0.3; -2.5;2.304; -0.3; -2.5;0.011; 0; 0;0; 0; 0;
807;9.892583;-7.52583; 49.7377; 9.24387; -1; -1; 0; 0; 1; 2.315; -0.3; -2.5;2.315; -0.3; -2.5;0.011; 0; 0;0; 0; 0;
808;9.904202;-9.56135; 49.7377; 9.24387; -1; -1; 0; 0; 1; 2.326; -0.3; -2.5;2.326; -0.3; -2.5;0.011; 0; 0;0; 0; 0;
809;9.914692;-11.5969; 49.7377; 9.24387; -1; -1; 0; 0; 1; 2.337; -0.3; -2.5;2.337; -0.3; -2.5;0.011; 0; 0;0; 0; 0;
810;9.925973;-13.6324; 49.7377; 9.24387; -1; -1; 0; 0; 1; 2.348; -0.3; -2.5;2.348; -0.3; -2.5;0.011; 0; 0;0; 0; 0;
811;9.937542;-15.6679; 49.7377; 9.24387; -1; -1; 0; 0; 1; 2.359; -0.3; -2.5;2.359; -0.3; -2.5;0.011; 0; 0;0; 0; 0;
812;9.948135;-17.7035; 49.7377; 9.24387; -1; -1; 0; 0; 1; 2.37; -0.3; -2.5;2.37; -0.3; -2.5;0.011; 0; 0;0; 0; 0;
813;9.959280;-19.739; 49.7377; 9.24387; -1; -1; 0; 0; 1; 2.381; -0.3; -2.5;2.381; -0.3; -2.5;0.011; 0; 0;0; 0; 0;
814;9.971049;-21.7745; 49.7377; 9.24387; -1; -1; 0; 0; 1; 2.392; -0.3; -2.5;2.392; -0.3; -2.5;0.011; 0; 0;0; 0; 0;
815;9.981767;-23.8101; 49.7377; 9.24387; -1; -1; 0; 0; 1; 2.403; -0.3; -2.5;2.403; -0.3; -2.5;0.011; 0; 0;0; 0; 0;
816;9.992635;-25.8456; 49.7377; 9.24387; -1; -1; 0; 0; 1; 2.414; -0.3; -2.5;2.414; -0.3; -2.5;0.011; 0; 0;0; 0; 0;
817;10.004454;-27.8811; 49.7377; 9.24387; -1; -1; 0; 0; 1; 2.425; -0.3; -2.5;2.425; -0.3; -2.5;0.011; 0; 0;0; 0; 0;
818;10.014863;-29.9167; 49.7377; 9.24387; -1; -1; 0; 0; 1; 2.436; -0.3; -2.5;2.436; -0.3; -2.5;0.011; 0; 0;0; 0; 0;
819;10.026045;-31.9522; 49.7377; 9.24387; -1; -1; 0; 0; 1; 2.447; -0.3; -2.5;2.447; -0.3; -2.5;0.011; 0; 0;0; 0; 0;
820;10.037172;-33.9877; 49.7377; 9.24387; -1; -1; 0; 0; 1; 2.458; -0.3; -2.5;2.458; -0.3; -2.5;0.011; 0; 0;0; 0; 0;
821;10.048295;-36.0233; 49.7377; 9.24387; -1; -1; 0; 0; 1; 2.469; -0.3; -2.5;2.469; -0.3; -2.5;0.011; 0; 0;0; 0; 0;
822;10.059455;-38.0588; 49.7377; 9.24387; -1; -1; 0; 0; 1; 2.48; -0.3; -2.5;2.48; -0.3; -2.5;0.011; 0; 0;0; 0; 0;
823;10.070624;-40.0943; 49.7377; 9.24387; -1; -1; 0; 0; 1; 2.491; -0.3; -2.5;2.491; -0.3; -2.5;0.011; 0; 0;0; 0; 0;
824;10.081755;-42.1299; 49.7377; 9.24387; -1; -1; 0; 0; 1; 2.502; -0.3; -2.5;2.502; -0.3; -2.5;0.011; 0; 0;0; 0; 0;
825;10.092867;-44.1654; 49.7377; 9.24387; -1; -1; 0; 0; 1; 2.513; -0.3; -2.5;2.513; -0.3; -2.5;0.011; 0; 0;0; 0; 0;
826;10.104338;-46.2009; 49.7377; 9.24387; -1; -1; 0; 0; 1; 2.524; -0.3; -2.5;2.524; -0.3; -2.5;0.011; 0; 0;0; 0; 0;
827;10.115834;-48.2365; 49.7377; 9.24387; -1; -1; 0; 0; 1; 2.535; -0.3; -2.5;2.535; -0.3; -2.5;0.011; 0; 0;0; 0; 0;
828;10.126232;-50.272; 49.7377; 9.24387; -1; -1; 0; 0; 1; 2.546; -0.3; -2.5;2.546; -0.3; -2.5;0.011; 0; 0;0; 0; 0;
829;10.137359;-52.3075; 49.7377; 9.24387; -1; -1; 0; 0; 1; 2.557; -0.3; -2.5;2.557; -0.3; -2.5;0.011; 0; 0;0; 0; 0;
830;10.148518;-54.3431; 49.7377; 9.24387; -1; -1; 0; 0; 1; 2.568; -0.3; -2.5;2.568; -0.3; -2.5;0.011; 0; 0;0; 0; 0;
831;10.159666;-56.3786; 49.7377; 9.24387; -1; -1; 0; 0; 1; 2.579; -0.3; -2.5;2.579; -0.3; -2.5;0.011; 0; 0;0; 0; 0;
832;10.171306;-58.4141; 49.7377; 9.24387; -1; -1; 0; 0; 1; 2.59; -0.3; -2.5;2.59; -0.3; -2.5;0.011; 0; 0;0; 0; 0;
833;10.181880;-60.4496; 49.7377; 9.24387; -1; -1; 0; 0; 1; 2.601; -0.3; -2.5;2.601; -0.3; -2.5;0.011; 0; 0;0; 0; 0;
834;10.193058;-62.4852; 49.7377; 9.24387; -1; -1; 0; 0; 1; 2.612; -0.3; -2.5;2.612; -0.3; -2.5;0.011; 0; 0;0; 0; 0;
835;10.204679;-64.5207; 49.7377; 9.24387; -1; -1; 0; 0; 1; 2.623; -0.3; -2.5;2.623; -0.3; -2.5;0.011; 0; 0;0; 0; 0;
836;10.215573;-66.5562; 49.7377; 9.24387; -1; -1; 0; 0; 1; 2.634; -0.3; -2.5;2.634; -0.3; -2.5;0.011; 0; 0;0; 0; 0;
837;10.226380;-68.5918; 49.7377; 9.24387; -1; -1; 0; 0; 1; 2.645; -0.3; -2.5;2.645; -0.3; -2.5;0.011; 0; 0;0; 0; 0;
838;10.237525;-70.6273; 49.7377; 9.24387; -1; -1; 0; 0; 1; 2.656; -0.3; -2.5;2.656; -0.3; -2.5;0.011; 0; 0;0; 0; 0;
839;10.249125;-72.6628; 49.7377; 9.24387; -1; -1; 0; 0; 1; 2.667; -0.3; -2.5;2.667; -0.3; -2.5;0.011; 0; 0;0; 0; 0;
840;10.259824;-74.6983; 49.7377; 9.24387; -1; -1; 0; 0; 1; 2.678; -0.3; -2.5;2.678; -0.3; -2.5;0.011; 0; 0;0; 0; 0;
841;10.271358;-76.7339; 49.7377; 9.24387; -1; -1; 0; 0; 1; 2.689; -0.3; -2.5;2.689; -0.3; -2.5;0.011; 0; 0;0; 0; 0;
842;10.282128;-78.7694; 49.7377; 9.24387; -1; -1; 0; 0; 1; 2.7; -0.3; -2.5;2.7; -0.3; -2.5;0.011; 0; 0;0; 0; 0;
843;10.293231;-80.8049; 49.7377; 9.24387; -1; -1; 0; 0; 1; 2.711; -0.3; -2.5;2.711; -0.3; -2.5;0.011; 0; 0;0; 0; 0;
844;10.304727;-82.8404; 49.7377; 9.24387; -1; -1; 0; 0; 1; 2.722; -0.3; -2.5;2.722; -0.3; -2.5;0.011; 0; 0;0; 0; 0;
845;10.315508;-84.876; 49.7377; 9.24387; -1; -1; 0; 0; 1; 2.733; -0.3; -2.5;2.733; -0.3; -2.5;0.011; 0; 0;0; 0; 0;
846;10.326558;-86.9115; 49.7377; 9.24387; -1; -1; 0; 0; 1; 2.744; -0.3; -2.5;2.744; -0.3; -2.5;0.011; 0; 0;0; 0; 0;
847;10.337761;-88.9471; 49.7377; 9.24387; -1; -1; 0; 0; 1; 2.755; -0.3; -2.5;2.755; -0.3; -2.5;0.011; 0; 0;0; 0; 0;
848;10.348907;-90.9826; 49.7377; 9.24387; -1; -1; 0; 0; 1; 2.766; -0.3; -2.5;2.766; -0.3; -2.5;0.011; 0; 0;0; 0; 0;
849;10.360069;-93.0181; 49.7377; 9.24387; -1; -1; 0; 0; 1; 2.777; -0.3; -2.5;2.777; -0.3; -2.5;0.011; 0; 0;0; 0; 0;
850;10.371479;-95.0537; 49.7377; 9.24387; -1; -1; 0; 0; 1; 2.788; -0.3; -2.5;2.788; -0.3; -2.5;0.011; 0; 0;0; 0; 0;
851;10.382368;-97.0892; 49.7377; 9.24387; -1; -1; 0; 0; 1; 2.799; -0.3; -2.5;2.799; -0.3; -2.5;0.011; 0; 0;0; 0; 0;
852;10.393500;-99.1247; 49.7377; 9.24387; -1; -1; 0; 0; 1; 2.81; -0.3; -2.5;2.81; -0.3; -2.5;0.011; 0; 0;0; 0; 0;
853;10.404964;-101.16; 49.7377; 9.24387; -1; -1; 0; 0; 1; 2.821; -0.3; -2.5;2.821; -0.3; -2.5;0.011; 0; 0;0; 0; 0;
854;10.415679;-103.196; 49.7377; 9.24387; -1; -1; 0; 0; 1; 2.832; -0.3; -2.5;2.832; -0.3; -2.5;0.011; 0; 0;0; 0; 0;
855;10.428932;-105.231; 49.7377; 9.24387; -1; -1; 0; 0; 1; 2.843; -0.3; -2.5;2.843; -0.3; -2.5;0.011; 0; 0;0; 0; 0;
856;10.437930;-107.267; 49.7377; 9.24387; -1; -1; 0; 0; 1; 2.854; -0.3; -2.5;2.854; -0.3; -2.5;0.011; 0; 0;0; 0; 0;
857;10.449109;-109.302; 49.7377; 9.24387; -1; -1; 0; 0; 1; 2.865; -0.3; -2.5;2.865; -0.3; -2.5;0.011; 0; 0;0; 0; 0;
858;10.460289;-111.338; 49.7377; 9.24387; -1; -1; 0; 0; 1; 2.876; -0.3; -2.5;2.876; -0.3; -2.5;0.011; 0; 0;0; 0; 0;
859;10.472532;-113.373; 49.7377; 9.24387; -1; -1; 0; 0; 1; 2.887; -0.3; -2.5;2.887; -0.3; -2.5;0.011; 0; 0;0; 0; 0;
860;10.482628;-115.409; 49.7377; 9.24387; -1; -1; 0; 0; 1; 2.898; -0.3; -2.5;2.898; -0.3; -2.5;0.011; 0; 0;0; 0; 0;
861;10.493616;-117.444; 49.7377; 9.24387; -1; -1; 0; 0; 1; 2.909; -0.3; -2.5;2.909; -0.3; -2.5;0.011; 0; 0;0; 0; 0;
862;10.504844;-119.48; 49.7377; 9.24387; -1; -1; 0; 0; 1; 2.92; -0.3; -2.5;2.92; -0.3; -2.5;0.011; 0; 0;0; 0; 0;
863;10.516052;-121.516; 49.7377; 9.24387; -1; -1; 0; 0; 1; 2.931; -0.3; -2.5;2.931; -0.3; -2.5;0.011; 0; 0;0; 0; 0;
864;10.526985;-123.551; 49.7377; 9.24387; -1; -1; 0; 0; 1; 2.942; -0.3; -2.5;2.942; -0.3; -2.5;0.011; 0; 0;0; 0; 0;
865;10.538115;-125.587; 49.7377; 9.24387; -1; -1; 0; 0; 1; 2.953; -0.3; -2.5;2.953; -0.3; -2.5;0.011; 0; 0;0; 0; 0;
866;10.549304;-127.622; 49.7377; 9.24387; -1; -1; 0; 0; 1; 2.964; -0.3; -2.5;2.964; -0.3; -2.5;0.011; 0; 0;0; 0; 0;
867;10.560388;-129.658; 49.7377; 9.24387; -1; -1; 0; 0; 1; 2.975; -0.3; -2.5;2.975; -0.3; -2.5;0.011; 0; 0;0; 0; 0;
868;10.571802;-131.693; 49.7377; 9.24387; -1; -1; 0; 0; 1; 2.986; -0.3; -2.5;2.986; -0.3; -2.5;0.011; 0; 0;0; 0; 0;
869;10.582651;-133.729; 49.7377; 9.24387; -1; -1; 0; 0; 1; 2.997; -0.3; -2.5;2.997; -0.3; -2.5;0.011; 0; 0;0; 0; 0;
870;10.593867;-135.764; 49.7377; 9.24387; -1; -1; 0; 0; 1; 3.008; -0.3; -2.5;3.008; -0.3; -2.5;0.011; 0; 0;0; 0; 0;
