rs_id;elapsed;imLx_insect;imLy_insect;disparity_insect;size_insect;score_insect;motion_sum_insect;imLx_pred_insect;imLy_pred_insect;n_frames_lost_insect;n_frames_tracking_insect;foundL_insect;pos_valid_insect;posX_insect;posY_insect;posZ_insect;sposX_insect;sposY_insect;sposZ_insect;vel_valid_insect;svelX_insect;svelY_insect;svelZ_insect;acc_valid_insect;saccX_insect;saccY_insect;saccZ_insect;radius_insect;fp;hunt_id;light_level;
303463;3376.684303;710;176;17.4916;2;0;25;-1;-1;0;1;1;1;-1.57498;-0.941647;-2.13986;-1.57498;-0.941647;-2.13986;0;0;0;0;0;0;0;0;0.00543668;fp_not_a_fp;-1;0.242477;
303464;3376.695429;712;176;17.4581;0;0.1125;8;710;176;0;2;1;1;-1.58889;-0.943264;-2.14408;-1.58193;-0.942455;-2.14197;1;-0.159458;-0.0185301;-0.0484042;0;0;0;0;0;fp_not_a_fp;-1;0.242498;
303465;3376.706556;714;176;17.5129;4.47214;0.044466;21;712.254;176;0;3;1;1;-1.59478;-0.940125;-2.13749;-1.58621;-0.941679;-2.14048;1;-0.27251;0.0121528;0.0132613;0;-10.1606;2.75764;5.54221;0.0121419;fp_not_a_fp;-1;0.242489;
303466;3376.717683;714;176;17.5793;2;0.0416667;19;714.583;176;0;4;1;1;-1.58875;-0.936574;-2.12942;-1.58685;-0.940403;-2.13771;1;-0.215425;0.0639864;0.129599;0;-2.51527;3.7079;7.99861;0.00540943;fp_not_a_fp;-1;0.242473;
303467;3376.728810;716;178;17.4071;2;0.13698;5;714.647;176;0;5;1;1;-1.61562;-0.954818;-2.14467;-1.59701;-0.943695;-2.13891;1;-0.47234;-0.131894;-0.0136441;0;-9.37361;-3.39634;1.04106;0.00546309;fp_not_a_fp;-1;0.24246;
303468;3376.739936;718;176;17.8903;2.82843;0.121554;28;716.837;178.254;0;6;1;1;-1.5824;-0.919929;-2.09265;-1.59539;-0.937862;-2.12606;1;-0.137418;0.203937;0.525241;0;0.495093;4.99849;12.8889;0.0075172;fp_not_a_fp;-1;0.242485;
303469;3376.751064;720;178;18.1262;0;0.153107;4;719.098;176.075;0;7;1;1;-1.57251;-0.916577;-2.05982;-1.58982;-0.931975;-2.10664;1;0.131891;0.355133;1.05722;1;9.08579;7.70598;23.4554;0;fp_not_a_fp;-1;0.242498;
303470;3376.762190;722;178;18.1748;2.82843;0.0466058;36;721.431;178.287;0;8;1;1;-1.57877;-0.913947;-2.05443;-1.58732;-0.926318;-2.08789;1;0.154602;0.402472;1.20399;1;8.31358;7.60509;24.1392;0.00739964;fp_not_a_fp;-1;0.242479;
303471;3376.773317;722;178;17.9846;2;0.0416667;23;723.638;178.332;0;9;1;1;-1.59546;-0.923609;-2.07615;-1.58228;-0.918515;-2.07076;1;-0.0470676;0.259934;0.862084;1;9.55476;8.80356;19.6754;0.00528769;fp_not_a_fp;-1;0.242496;
303472;3376.784444;724;180;17.7043;2;0.109623;14;723.458;178.271;0;10;1;1;-1.63168;-0.94706;-2.1033;-1.5946;-0.925298;-2.07343;1;-0.539619;-0.10094;0.299605;1;-9.03665;-6.84991;-5.06988;0.00537134;fp_not_a_fp;-1;0.242532;
303473;3376.795571;726;178;18.2637;2.82843;0.118596;30;725.436;180.528;0;11;1;1;-1.5919;-0.909135;-2.04466;-1.59945;-0.923438;-2.06964;1;-0.218316;0.197555;0.701212;1;-7.86788;-3.53997;-7.99824;0.00736357;fp_not_a_fp;-1;0.242501;
303474;3376.806697;728;180;18.3712;2;0.0718946;5;727.555;178.258;0;12;1;1;-1.59315;-0.912323;-2.02718;-1.60305;-0.923032;-2.06282;1;-0.0720099;0.259171;0.978084;1;-5.09093;-3.2192;-5.075;0.00517639;fp_not_a_fp;-1;0.242536;
303475;3376.817825;730;180;18.4741;2.82843;0.0458134;44;729.66;180.405;0;13;1;1;-1.59457;-0.907065;-2.01601;-1.60282;-0.918896;-2.04779;1;-0.0186473;0.311852;1.09583;1;0.639347;1.16711;5.2528;0.00727975;fp_not_a_fp;-1;0.242513;
303476;3376.828951;732;180;18.3686;2;0.0249068;11;731.794;180.413;0;14;1;1;-1.61408;-0.912095;-2.0277;-1.59842;-0.910154;-2.02889;1;-0.217858;0.236185;0.870678;1;7.22942;7.57468;12.831;0.00517704;fp_not_a_fp;-1;0.242464;
303477;3376.840078;734;182;18.8096;2.82843;0.0980318;23;733.868;180.328;0;15;1;1;-1.58655;-0.899019;-1.97478;-1.59709;-0.907625;-2.01142;1;0.0431435;0.324684;1.27329;1;5.87451;2.85631;12.8536;0.0071499;fp_not_a_fp;-1;0.242531;
303478;3376.851206;734;182;18.7313;2.82843;0.030451;30;735.969;182.594;0;16;1;1;-1.59319;-0.902778;-1.98303;-1.5971;-0.905239;-2.00038;1;0.06946;0.276754;1.18262;1;3.1785;0.395076;4.59567;0.00717971;fp_not_a_fp;-1;0.24253;
303479;3376.862332;738;184;19.2451;0;0.189221;4;735.694;182.584;0;17;1;1;-1.57062;-0.886627;-1.92494;-1.59111;-0.90013;-1.97761;1;0.330186;0.406793;1.66025;1;7.83769;2.13326;12.6817;0;fp_not_a_fp;-1;0.242498;
303480;3376.873459;738;184;18.9942;2;0.0127078;46;739.99;184.829;0;18;1;1;-1.59136;-0.898338;-1.95037;-1.58543;-0.89669;-1.95828;1;0.158011;0.274402;1.35441;1;8.44523;0.858817;10.8691;0.0050066;fp_not_a_fp;-1;0.242526;
303481;3376.884587;740;184;18.9894;2;0.0377277;15;739.767;184.801;0;19;1;1;-1.60178;-0.898393;-1.95097;-1.58924;-0.896534;-1.95233;1;-0.0527047;0.18406;1.04831;1;-2.1532;-3.15933;-5.05426;0.00500785;fp_not_a_fp;-1;0.242495;
303482;3376.895714;742;184;19.0791;2.82843;0.0605939;38;741.722;184.656;0;20;1;1;-1.60421;-0.893994;-1.94191;-1.59199;-0.894338;-1.94205;1;-0.160932;0.173671;0.89203;1;-5.17612;-2.31593;-6.52848;0.00704879;fp_not_a_fp;-1;0.242496;
303483;3376.906840;744;184;19.3481;2.82843;0.0500673;34;743.782;184.516;0;21;1;1;-1.59173;-0.881394;-1.91502;-1.59727;-0.89303;-1.93956;1;-0.0420953;0.291667;1.02193;1;-8.36408;-2.58646;-14.3413;0.00695084;fp_not_a_fp;-1;0.242501;
303484;3376.917967;746;186;19.2238;2;0.070337;13;745.826;184.364;0;22;1;1;-1.61213;-0.895226;-1.92214;-1.60246;-0.892252;-1.93251;1;-0.221387;0.144667;0.863642;1;-8.52398;-2.91472;-11.0261;0.00494674;fp_not_a_fp;-1;0.242465;
303485;3376.929095;748;186;19.3862;2;0.0326259;42;747.882;186.545;0;23;1;1;-1.60843;-0.887558;-1.90614;-1.60413;-0.889543;-1.9213;1;-0.224891;0.153359;0.871359;1;-3.86868;-0.689746;-3.97572;0.00490531;fp_not_a_fp;-1;0.242507;
303486;3376.940221;750;186;19.7843;2;0.0277699;5;749.945;186.552;0;24;1;1;-1.58567;-0.86953;-1.86789;-1.59949;-0.883427;-1.9028;1;0.0632286;0.34405;1.20191;1;5.03658;3.82819;6.96263;0.00480664;fp_not_a_fp;-1;0.242485;
303487;3376.951348;752;186;19.9323;2.82843;0.0519817;44;752.02;186.494;0;25;1;1;-1.58344;-0.862908;-1.85413;-1.59742;-0.878806;-1.88758;1;0.19986;0.454882;1.343;1;5.43635;3.66717;7.21396;0.00674712;fp_not_a_fp;-1;0.242541;
303488;3376.962476;754;186;19.8133;2.82843;0.0487955;21;754.056;186.404;0;26;1;1;-1.60254;-0.867924;-1.86537;-1.59502;-0.87198;-1.87338;1;0.0118336;0.38517;1.10115;1;5.24045;5.40383;5.33689;0.00678761;fp_not_a_fp;-1;0.242524;
303489;3376.973602;756;188;20.013;2.82843;0.0927493;19;756.052;186.279;0;27;1;1;-1.59625;-0.867074;-1.8417;-1.59198;-0.866859;-1.85727;1;0.00473917;0.316974;1.13212;1;5.15977;3.67627;5.85926;0.00671988;fp_not_a_fp;-1;0.242579;
303490;3376.984729;758;188;20.098;4.47214;0.09149;36;758.074;188.496;0;28;1;1;-1.59896;-0.863244;-1.83401;-1.5953;-0.865288;-1.8488;1;-0.0298616;0.292272;1.08859;1;-2.09123;-1.16326;-2.54581;0.0105801;fp_not_a_fp;-1;0.242536;
303491;3376.995857;760;190;20.3162;2;0.0833979;5;760.076;188.517;0;29;1;1;-1.59134;-0.861664;-1.80933;-1.59728;-0.864976;-1.8376;1;0.047034;0.262899;1.21471;1;-3.43355;-4.31338;-2.88213;0.00468073;fp_not_a_fp;-1;0.242552;
303492;3377.006984;762;190;20.4211;2;0.0617466;37;762.091;190.765;0;30;1;1;-1.59248;-0.857079;-1.80014;-1.59476;-0.862265;-1.8213;1;0.0597273;0.269781;1.21719;1;1.07593;-2.59258;2.60693;0.00465682;fp_not_a_fp;-1;0.242524;
303493;3377.018111;762;190;20.2476;2.82843;0.0115518;8;764.095;190.767;0;31;1;1;-1.60612;-0.864422;-1.81556;-1.59723;-0.861602;-1.81476;1;-0.0990414;0.154042;0.886167;1;-2.33194;-3.66077;-5.52631;0.00664202;fp_not_a_fp;-1;0.242466;
303494;3377.029238;766;192;20.3119;2;0.119279;10;763.767;190.629;0;32;1;1;-1.61995;-0.869217;-1.80493;-1.60248;-0.863095;-1.80749;1;-0.310543;0.0315995;0.758199;1;-6.30621;-5.8566;-7.42324;0.00468174;fp_not_a_fp;-1;0.242497;
303495;3377.040365;766;192;20.4426;2;0.0315919;14;767.974;192.79;0;33;1;1;-1.6096;-0.863661;-1.7934;-1.60704;-0.863594;-1.80351;1;-0.239652;0.0406517;0.740845;1;-6.44094;-4.9933;-10.6468;0.00465182;fp_not_a_fp;-1;0.242474;
303496;3377.051491;766;192;20.4426;2;0.0315919;14;767.777;192.723;1;0;1;1;-1.61266;-0.863518;-1.78582;-1.61209;-0.865204;-1.79993;1;-0.214868;0.0408508;0.726007;1;-6.16927;-5.14344;-11.0358;-1;fp_not_a_fp;-1;0.242478;
303497;3377.062619;770;194;20.7286;2;0.107535;10;769.473;193.432;0;1;1;1;-1.60593;-0.859128;-1.76387;-1.61204;-0.863881;-1.78701;1;-0.100077;0.0860448;0.878877;1;-0.0230548;-1.52763;-0.163857;0.00458767;fp_not_a_fp;-1;0.242487;
303498;3377.073746;770;194;20.7286;2;0.107535;10;771.79;194.808;1;0;1;1;-1.60704;-0.858266;-1.75412;-1.60881;-0.861143;-1.7743;1;-0.0526341;0.103625;0.941778;1;5.79461;1.61821;4.12441;-1;fp_not_a_fp;-1;0.242498;
303499;3377.084873;770;194;20.7286;2;0.107535;10;773.588;195.641;2;0;1;1;-1.60727;-0.857015;-1.7434;-1.60823;-0.859482;-1.7618;1;-0.0289185;0.112017;0.970522;1;4.73462;1.60338;5.16018;-1;fp_not_a_fp;-1;0.242517;
303500;3377.096000;770;194;20.7286;2;0.107535;10;775.429;196.501;3;0;1;1;-1.6073;-0.855671;-1.7323;-1.60689;-0.85752;-1.74842;1;-0.0157598;0.1166;0.985869;1;4.4734;1.70187;5.83835;-1;fp_not_a_fp;-1;0.242513;
303501;3377.107127;770;194;20.7286;2;0.107535;10;777.299;197.38;4;0;1;1;-1.6072;-0.854271;-1.72098;-1.6072;-0.856305;-1.7377;1;-0.00715135;0.119678;0.99617;1;2.08787;0.755668;2.63535;-1;fp_not_a_fp;-1;0.242522;
303502;3377.118254;780;196;21.6946;2.82843;0.118138;8;779.185;198.266;0;1;1;1;-1.57843;-0.827472;-1.68106;-1.60005;-0.848607;-1.71943;1;0.327126;0.412892;1.33105;1;8.53256;6.94871;8.74633;0.00619906;fp_not_a_fp;-1;0.242478;
303503;3377.129382;780;196;21.6946;2.82843;0.118138;8;782.074;196.568;1;0;1;1;-1.57427;-0.822455;-1.66573;-1.5918;-0.839967;-1.70002;1;0.471245;0.538903;1.47538;1;11.2375;9.59111;11.3429;-1;fp_not_a_fp;-1;0.242499;
303504;3377.140508;786;198;22.0185;0;0.22614;5;784.241;197.003;0;1;1;1;-1.58129;-0.822098;-1.65192;-1.5853;-0.831573;-1.67992;1;0.390153;0.526338;1.50513;1;9.11985;9.20583;11.6667;0;fp_not_a_fp;-1;0.242505;
303505;3377.151635;788;198;21.7438;0;0.122035;3;788.501;198.529;0;2;1;1;-1.61001;-0.832332;-1.67289;-1.586;-0.826089;-1.6679;1;-0.0223741;0.336686;1.0851;1;-0.342377;4.87553;1.99767;0;fp_not_a_fp;-1;0.242486;
303506;3377.162763;788;198;21.7438;0;0.122035;3;790.532;198.471;1;0;1;1;-1.61028;-0.828291;-1.66071;-1.59397;-0.826294;-1.66281;1;-0.193091;0.261695;0.912715;1;-11.6884;-3.3973;-9.39936;-1;fp_not_a_fp;-1;0.242481;
303507;3377.173889;790;200;22.4651;2;0.203455;11;793.104;198.955;0;1;1;1;-1.56696;-0.812566;-1.61467;-1.59214;-0.823821;-1.65004;1;0.257632;0.377591;1.25285;1;-4.79899;-3.62422;-4.99941;0.00423306;fp_not_a_fp;-1;0.242472;
303508;3377.185016;790;200;22.4651;2;0.203455;11;792.195;200.661;1;0;1;1;-1.56439;-0.808594;-1.60105;-1.58791;-0.820445;-1.63733;1;0.44046;0.422854;1.38965;1;1.13087;-2.32491;-2.59423;-1;fp_not_a_fp;-1;0.242472;
303509;3377.196144;796;202;22.686;0;0.220197;2;794.212;201.384;0;1;1;1;-1.57702;-0.811252;-1.59466;-1.57967;-0.815175;-1.61777;1;0.315114;0.357151;1.34217;1;7.58358;0.460128;5.77652;0;fp_not_a_fp;-1;0.242472;
303510;3377.207271;796;202;22.686;0;0.220197;2;798.223;202.859;1;0;1;1;-1.57305;-0.807256;-1.5794;-1.57036;-0.809916;-1.59745;1;0.268626;0.33026;1.32639;1;10.3745;1.54073;9.29477;-1;fp_not_a_fp;-1;0.242467;
303511;3377.218398;796;202;22.686;0;0.220197;2;800.547;203.789;2;0;1;1;-1.56942;-0.803491;-1.56408;-1.57097;-0.807648;-1.5848;1;0.256709;0.320178;1.3262;1;-0.0204926;-1.28984;1.64831;-1;fp_not_a_fp;-1;0.242494;
303512;3377.229525;802;204;23.1866;0;0.201481;4;802.978;204.746;0;1;1;1;-1.56774;-0.800194;-1.55605;-1.57181;-0.805548;-1.57355;1;0.238327;0.312966;1.24906;1;-4.54129;-2.46884;-3.15849;0;fp_not_a_fp;-1;0.242482;
303513;3377.240652;802;204;23.1866;0;0.201481;4;804.342;204.863;1;0;1;1;-1.56537;-0.796869;-1.54237;-1.5689;-0.801952;-1.56047;1;0.227476;0.308184;1.21473;1;-1.96901;-1.10016;-2.8632;-1;fp_not_a_fp;-1;0.242539;
303514;3377.251779;802;204;23.1866;0;0.201481;4;806.646;205.69;2;0;1;1;-1.56297;-0.793512;-1.52905;-1.56638;-0.798516;-1.54789;1;0.221558;0.305376;1.19829;1;-1.0575;-0.55909;-2.8779;-1;fp_not_a_fp;-1;0.242516;
303515;3377.262906;802;204;23.1866;0;0.201481;4;808.954;206.507;3;0;1;1;-1.56057;-0.790154;-1.51591;-1.56416;-0.795182;-1.53584;1;0.218323;0.303761;1.18924;1;-0.862416;-0.368843;-3.07725;-1;fp_not_a_fp;-1;0.242511;
303516;3377.274033;802;204;23.1866;0;0.201481;4;811.28;207.324;4;0;1;1;-1.5582;-0.786801;-1.50289;-1.56178;-0.791834;-1.52255;1;0.216336;0.302777;1.1831;1;-0.494117;-0.228948;-1.48201;-1;fp_not_a_fp;-1;0.242494;
303517;3377.285160;802;204;23.1866;0;0.201481;4;813.647;208.158;5;0;1;1;-1.55583;-0.783451;-1.48983;-1.55939;-0.788479;-1.50942;1;0.215128;0.302154;1.17931;1;-0.277436;-0.135495;-0.795777;-1;fp_not_a_fp;-1;0.242525;
303518;3377.296288;802;204;23.1866;0;0.201481;4;816.05;209.005;6;0;1;1;-1.55345;-0.780102;-1.47678;-1.55701;-0.785127;-1.49635;1;0.214393;0.301744;1.17695;1;-0.160998;-0.0815992;-0.4795;-1;fp_not_a_fp;-1;0.242497;
303519;3377.307414;802;204;23.1866;0;0.201481;4;818.49;209.865;7;0;1;1;-1.55108;-0.776755;-1.46373;-1.55464;-0.781777;-1.48331;1;0.213937;0.301462;1.17543;1;-0.0985466;-0.0516528;-0.310222;-1;fp_not_a_fp;-1;0.242522;
303520;3377.318541;802;204;23.1866;0;0.201481;4;820.966;210.737;8;0;1;1;-1.54871;-0.773408;-1.45069;-1.55227;-0.778429;-1.47026;1;0.213642;0.301255;1.17437;1;-0.0605211;-0.0341885;-0.196169;-1;fp_not_a_fp;-1;0.242505;
303521;3377.329669;802;204;23.1866;0;0.201481;4;823.48;211.623;9;0;1;1;-1.54634;-0.770063;-1.43765;-1.5499;-0.775082;-1.45721;1;0.21344;0.301087;1.17357;1;-0.0379375;-0.0239579;-0.128936;-1;fp_not_a_fp;-1;0.242548;
303522;3377.340796;802;204;23.1866;0;0.201481;4;826.033;212.523;10;0;1;1;-1.54397;-0.766719;-1.42462;-1.54753;-0.771736;-1.44417;1;0.21329;0.300946;1.17293;1;-0.0247716;-0.0179074;-0.0902959;-1;fp_not_a_fp;-1;0.24249;
303523;3377.351923;802;204;23.1866;0;0.201481;4;828.625;213.436;11;0;1;1;-1.5416;-0.763377;-1.41159;-1.54516;-0.768392;-1.43114;1;0.213175;0.30082;1.17239;1;-0.0171355;-0.0144146;-0.0682248;-1;fp_not_a_fp;-1;0.242484;
303524;3377.363049;802;204;23.1866;0;0.201481;4;831.259;214.364;12;0;1;1;-1.53923;-0.760035;-1.39857;-1.54279;-0.765048;-1.41811;1;0.213075;0.300705;1.17192;1;-0.0127329;-0.0123576;-0.0551489;-1;fp_not_a_fp;-1;0.242517;
303525;3377.374177;802;204;23.1866;0;0.201481;4;833.934;215.307;13;0;1;1;-1.53687;-0.756695;-1.38555;-1.54042;-0.761706;-1.40508;1;0.212984;0.300591;1.17146;1;-0.0102408;-0.0111591;-0.0474384;-1;fp_not_a_fp;-1;0.242551;
303526;3377.385303;816;228;23.8273;2;0.711039;3;836.652;216.264;0;1;1;1;-1.58342;-0.858074;-1.46275;-1.55028;-0.784545;-1.41462;1;-0.347881;-0.899956;0.136909;1;-12.6086;-26.9823;-23.2778;0.00399102;fp_not_a_fp;-1;0.242543;
303527;3377.396430;816;228;23.8273;2;0.711039;3;815.644;230.518;1;0;1;1;-1.58806;-0.869739;-1.46266;-1.5619;-0.811136;-1.42738;1;-0.588526;-1.41503;-0.30713;1;-18.0128;-38.5521;-33.2423;-1;fp_not_a_fp;-1;0.242525;
303528;3377.407558;816;228;23.8273;2;0.711039;3;814.137;233.65;2;0;1;1;-1.59572;-0.887842;-1.46813;-1.57602;-0.843087;-1.44477;1;-0.700609;-1.6549;-0.5141;1;-20.5287;-43.9385;-37.8815;-1;fp_not_a_fp;-1;0.242498;
303529;3377.418685;816;228;23.8273;2;0.711039;3;812.129;237.013;3;0;1;1;-1.60477;-0.908942;-1.47618;-1.59299;-0.881149;-1.46743;1;-0.76133;-1.78482;-0.626349;1;-21.8909;-46.8551;-40.3932;-1;fp_not_a_fp;-1;0.242513;
303530;3377.429812;816;228;23.8273;2;0.711039;3;809.884;240.453;4;0;1;1;-1.61458;-0.931665;-1.48563;-1.60078;-0.899547;-1.47315;1;-0.801775;-1.87135;-0.701206;1;-10.1979;-21.825;-18.8305;-1;fp_not_a_fp;-1;0.242518;
303531;3377.440939;816;228;23.8273;2;0.711039;3;807.788;243.763;5;0;1;1;-1.62412;-0.953805;-1.49459;-1.60979;-0.920563;-1.48113;1;-0.825555;-1.9222;-0.745334;1;-5.3254;-11.3947;-9.84523;-1;fp_not_a_fp;-1;0.242527;
303532;3377.452066;816;240;24.5452;2;0.458341;3;805.75;246.994;0;1;1;1;-1.53807;-0.871983;-1.39469;-1.59538;-0.916598;-1.46277;1;0.256346;-0.760072;0.476699;1;21.5013;20.1054;22.2617;0.00387429;fp_not_a_fp;-1;0.242551;
303533;3377.463193;816;240;24.5452;2;0.458341;3;815.276;242.478;1;0;1;1;-1.53389;-0.879188;-1.38802;-1.57766;-0.90916;-1.44073;1;0.718628;-0.265443;0.99739;1;33.2523;34.1381;36.4828;-1;fp_not_a_fp;-1;0.242545;
303534;3377.474321;814;246;25.5494;2;0.157804;4;815.229;244.518;0;1;1;1;-1.47063;-0.856575;-1.32764;-1.54168;-0.890387;-1.40123;1;1.54314;0.232026;1.7774;1;52.6849;47.2586;55.6887;0.00372208;fp_not_a_fp;-1;0.242478;
303535;3377.485447;814;246;25.5494;2;0.157804;4;814.09;248.17;1;0;1;1;-1.45023;-0.85108;-1.30445;-1.4982;-0.864706;-1.3537;1;1.92089;0.471013;2.13883;1;61.7065;53.7706;64.801;-1;fp_not_a_fp;-1;0.242529;
303536;3377.496574;814;246;25.5494;2;0.157804;4;814.286;250.397;2;0;1;1;-1.42508;-0.842527;-1.27669;-1.46996;-0.857342;-1.3242;1;2.12031;0.607739;2.33366;1;41.8786;30.7315;41.7213;-1;fp_not_a_fp;-1;0.242553;
303537;3377.507702;810;252;25.49;4;0.137387;8;814.385;252.798;0;1;1;1;-1.4596;-0.877609;-1.3184;-1.45138;-0.856947;-1.3068;1;1.53659;0.184586;1.63844;1;18.3774;10.111;14.4028;0.00746146;fp_not_a_fp;-1;0.242502;
303538;3377.518829;810;252;25.49;4;0.137387;8;809.385;254.252;1;0;1;1;-1.44139;-0.874934;-1.2993;-1.44408;-0.861537;-1.29971;1;1.30809;0.0168319;1.36103;1;-5.28049;-4.83452;-9.3542;-1;fp_not_a_fp;-1;0.24251;
303539;3377.529955;810;252;25.49;4;0.137387;8;808.511;256.479;2;0;1;1;-1.42718;-0.875046;-1.28476;-1.43831;-0.867529;-1.29479;1;1.20969;-0.0559183;1.23952;1;-15.9787;-11.8387;-20.2052;-1;fp_not_a_fp;-1;0.242477;
303540;3377.541083;806;258;25.112;0;0.209005;3;807.509;258.705;0;1;1;1;-1.46689;-0.910145;-1.32572;-1.44877;-0.884433;-1.30704;1;0.559536;-0.481166;0.561696;1;-35.0657;-24.4643;-39.8106;0;fp_not_a_fp;-1;0.2425;
303541;3377.552210;806;258;25.112;0;0.209005;3;804.755;260.033;1;0;1;1;-1.46284;-0.917001;-1.32194;-1.44958;-0.894281;-1.30793;1;0.265939;-0.674132;0.253302;1;-28.5479;-19.293;-31.1202;-1;fp_not_a_fp;-1;0.242524;
303542;3377.563337;800;262;25.2519;2.82843;0.160084;9;803.448;262.02;0;1;1;1;-1.43648;-0.918128;-1.30993;-1.44835;-0.90508;-1.31059;1;0.412845;-0.680812;0.231204;1;-20.1131;-15.6739;-25.3837;0.00532579;fp_not_a_fp;-1;0.242533;
303543;3377.574465;800;262;25.2519;2.82843;0.160084;9;798.168;263.967;1;0;1;1;-1.43314;-0.926661;-1.30893;-1.44984;-0.917984;-1.31663;1;0.459247;-0.694533;0.204067;1;-16.8597;-14.3476;-23.2632;-1;fp_not_a_fp;-1;0.242482;
303544;3377.585591;800;262;25.2519;2.82843;0.160084;9;796.114;265.909;2;0;1;1;-1.42907;-0.935263;-1.30809;-1.44038;-0.924263;-1.31222;1;0.466412;-0.710231;0.176354;1;-2.09244;-5.14669;-8.65795;-1;fp_not_a_fp;-1;0.242533;
303545;3377.596718;800;262;25.2519;2.82843;0.160084;9;793.974;267.848;3;0;1;1;-1.42402;-0.943472;-1.30667;-1.43068;-0.930881;-1.3084;1;0.46781;-0.720233;0.158743;1;4.53561;-1.03579;-2.12454;-1;fp_not_a_fp;-1;0.242481;
303546;3377.607846;800;262;25.2519;2.82843;0.160084;9;791.789;269.779;4;0;1;1;-1.41854;-0.951539;-1.30504;-1.4262;-0.939233;-1.30718;1;0.47151;-0.724963;0.149931;1;1.31799;-0.991954;-1.82599;-1;fp_not_a_fp;-1;0.242517;
303547;3377.618973;788;272;26.0736;6;0.0663936;16;789.632;271.701;0;1;1;1;-1.34821;-0.92055;-1.24832;-1.40496;-0.937706;-1.29203;1;1.21917;-0.279218;0.777261;1;17.074;9.33126;12.8784;0.0109416;fp_not_a_fp;-1;0.242501;
303548;3377.630100;788;272;26.0736;6;0.0663936;16;785.505;274.054;1;0;1;1;-1.33361;-0.923077;-1.23889;-1.3811;-0.934659;-1.27473;1;1.54002;-0.0883534;1.04549;1;24.1219;13.9724;19.5277;-1;fp_not_a_fp;-1;0.24251;
303549;3377.641227;782;274;26.4932;2.82843;0.1265;5;782.869;276.155;0;1;1;1;-1.30547;-0.912366;-1.22441;-1.35146;-0.926883;-1.25417;1;1.7987;0.124568;1.18901;1;29.9021;18.9807;23.1478;0.00507623;fp_not_a_fp;-1;0.242542;
303550;3377.652354;782;276;26.1826;4;0.125372;11;779.118;275.828;0;2;1;1;-1.32111;-0.929284;-1.23499;-1.3271;-0.921319;-1.23665;1;1.49692;0.00272832;0.975423;1;23.0384;16.3494;18.5469;0.00726407;fp_not_a_fp;-1;0.242533;
303551;3377.663481;782;276;26.1826;4;0.125372;11;779.482;277.72;1;0;1;1;-1.30305;-0.928245;-1.223;-1.31581;-0.923242;-1.23032;1;1.38824;-0.0360547;0.900106;1;3.79808;5.46306;2.75984;-1;fp_not_a_fp;-1;0.24248;
303552;3377.674608;774;278;26.2184;2.82843;0.172106;10;777.098;279.405;0;1;1;1;-1.29044;-0.934601;-1.22903;-1.30502;-0.926124;-1.22786;1;1.31082;-0.120348;0.685097;1;-5.15017;-0.71911;-8.09727;0.00512947;fp_not_a_fp;-1;0.24249;
303553;3377.685735;772;280;26.534;0;0.144148;4;771.238;279.443;0;2;1;1;-1.26807;-0.929622;-1.21043;-1.29567;-0.930438;-1.22436;1;1.36804;-0.082756;0.722033;1;-9.67622;-4.65808;-10.4918;0;fp_not_a_fp;-1;0.242488;
303554;3377.696862;766;282;25.502;0;0.199058;3;769.171;281.473;0;3;1;1;-1.29717;-0.973885;-1.25511;-1.28969;-0.941588;-1.22939;1;0.8836;-0.56407;0.133045;1;-13.7802;-12.7349;-18.9265;0;fp_not_a_fp;-1;0.242478;
303555;3377.707990;766;282;26.5064;2;0.0252065;7;762.785;283.482;0;4;1;1;-1.24802;-0.936983;-1.20755;-1.27593;-0.943773;-1.22553;1;1.1341;-0.268044;0.417801;1;-5.71045;-5.21284;-10.8367;0.00358765;fp_not_a_fp;-1;0.242509;
303556;3377.719117;766;282;26.5064;2;0.0252065;7;762.906;283.349;1;0;1;1;-1.23577;-0.940283;-1.20358;-1.26226;-0.945193;-1.21917;1;1.23338;-0.149346;0.527737;1;-1.7405;-0.652138;-3.53619;-1;fp_not_a_fp;-1;0.242507;
303557;3377.730243;758;284;26.8273;6.32456;0.0560517;28;759.942;284.64;0;1;1;1;-1.20489;-0.932212;-1.18893;-1.24646;-0.94584;-1.21379;1;1.47116;0.0112786;0.673733;1;2.3165;2.11223;-1.08576;0.0112095;fp_not_a_fp;-1;0.24254;
303558;3377.741371;756;284;27.4763;2.82843;0.0480789;9;754.747;285.178;0;2;1;1;-1.1695;-0.910312;-1.16077;-1.21455;-0.929947;-1.19021;1;1.78733;0.327249;0.970925;1;20.3042;20.0253;18.8247;0.00489458;fp_not_a_fp;-1;0.242514;
303559;3377.752498;756;284;27.4763;2.82843;0.0480789;9;752.767;284.97;1;0;1;1;-1.14839;-0.90544;-1.14882;-1.18964;-0.922061;-1.17553;1;1.93203;0.471938;1.10689;1;17.9276;16.6255;15.482;-1;fp_not_a_fp;-1;0.242502;
303560;3377.763625;750;286;27.5141;4.47214;0.0491167;14;749.476;285.872;0;1;1;1;-1.14731;-0.915218;-1.15519;-1.16752;-0.915795;-1.16343;1;1.75785;0.359445;0.948948;1;11.7834;11.431;9.46327;0.00772837;fp_not_a_fp;-1;0.242477;
303561;3377.774753;744;290;26.2437;2;0.155421;5;746.785;286.88;0;2;1;1;-1.18141;-0.972057;-1.20298;-1.16165;-0.925756;-1.16694;1;1.07078;-0.384412;0.214788;1;-8.99511;-8.88976;-10.311;0.00362354;fp_not_a_fp;-1;0.242539;
303562;3377.785879;742;290;27.2815;4.47214;0.1095;64;740.601;291.275;0;3;1;1;-1.1295;-0.935202;-1.15714;-1.15165;-0.931979;-1.16603;1;1.24531;-0.220305;0.409442;1;-12.1769;-12.3013;-12.6143;0.00779424;fp_not_a_fp;-1;0.242495;
303563;3377.797006;738;290;26.9148;2.82843;0.0372149;19;738.526;291.333;0;4;1;1;-1.13076;-0.948187;-1.17275;-1.14724;-0.942666;-1.17202;1;1.14418;-0.273233;0.258765;1;-17.7003;-16.7414;-19.0546;0.00499676;fp_not_a_fp;-1;0.242497;
303564;3377.808133;732;292;27.4046;6.32456;0.165477;41;734.521;291.133;0;5;1;1;-1.08987;-0.937422;-1.14778;-1.13288;-0.948217;-1.17016;1;1.42512;-0.136851;0.449705;1;-7.47472;-11.1495;-11.2158;0.0109733;fp_not_a_fp;-1;0.242503;
303565;3377.819261;732;292;27.4943;4.47214;0.0443295;34;728.052;293.207;0;6;1;1;-1.08632;-0.934366;-1.14404;-1.10911;-0.938794;-1.15543;1;1.40016;-0.0280061;0.514141;1;7.40071;8.00759;6.72581;0.00773397;fp_not_a_fp;-1;0.24248;
303566;3377.830388;726;294;27.4375;2.82843;0.0925882;16;728.457;293.017;0;7;1;1;-1.06792;-0.942474;-1.1424;-1.09372;-0.940612;-1.15174;1;1.4222;-0.0723964;0.493934;1;3.97433;3.323;1.89825;0.00490155;fp_not_a_fp;-1;0.24252;
303567;3377.841514;722;294;27.4418;4.47214;0.0462795;190;722.252;295.097;0;8;1;1;-1.05389;-0.942564;-1.14207;-1.0745;-0.939206;-1.14407;1;1.41071;-0.0825403;0.426436;1;5.98839;4.28429;3.7671;0.00774875;fp_not_a_fp;-1;0.242527;
303568;3377.852641;720;294;27.4816;4.47214;0.0588047;89;718.128;294.989;0;9;1;1;-1.04545;-0.94132;-1.14034;-1.06339;-0.940181;-1.14221;1;1.32282;-0.0619392;0.363981;1;-2.29827;1.68287;-1.92624;0.00773755;fp_not_a_fp;-1;0.242477;
303569;3377.863768;714;296;27.5389;6.32456;0.122952;171;716.381;294.785;0;10;1;1;-1.0227;-0.945514;-1.13398;-1.04749;-0.942968;-1.1397;1;1.37853;-0.0936137;0.364632;1;-0.486101;-1.47413;-3.35922;0.0109198;fp_not_a_fp;-1;0.242474;
303570;3377.874894;712;296;27.5967;6.32456;0.0952139;211;710.074;296.893;0;11;1;1;-1.01366;-0.94365;-1.13152;-1.03393;-0.943262;-1.13698;1;1.3293;-0.0733939;0.346542;1;-2.08729;-0.0224321;-3.31168;0.010897;fp_not_a_fp;-1;0.242493;
303571;3377.886022;708;296;27.7398;5.65685;0.0491586;75;708.253;296.791;0;12;1;1;-0.994727;-0.93902;-1.12554;-1.01913;-0.942376;-1.13285;1;1.35647;-0.00260017;0.363521;1;-1.21853;1.79601;-1.4136;0.00969621;fp_not_a_fp;-1;0.242495;
303572;3377.897148;702;298;27.6524;6.32456;0.0960969;300;704.273;296.65;0;13;1;1;-0.977382;-0.948114;-1.12512;-1.00212;-0.944075;-1.12904;1;1.39353;-0.0772616;0.328925;1;1.58864;-0.344449;-0.787725;0.010875;fp_not_a_fp;-1;0.242483;
303573;3377.908274;700;298;27.7327;4.47214;0.0606411;160;697.941;298.796;0;14;1;1;-0.967697;-0.945489;-1.12179;-0.988368;-0.944068;-1.12599;1;1.34212;-0.0681697;0.310873;1;-0.818127;0.571527;-1.20796;0.00766744;fp_not_a_fp;-1;0.242516;
303574;3377.919402;694;300;27.6493;6.32456;0.0845335;113;696.117;298.724;0;15;1;1;-0.950126;-0.954468;-1.1212;-0.972484;-0.946773;-1.12341;1;1.3511;-0.158649;0.270494;1;0.48976;-1.91557;-1.70871;0.0108762;fp_not_a_fp;-1;0.242499;
303575;3377.930528;692;300;27.7316;4.47214;0.0646654;305;689.87;300.887;0;16;1;1;-0.940448;-0.951753;-1.1178;-0.958914;-0.949956;-1.12148;1;1.29342;-0.144678;0.258345;1;-1.41689;-3.19217;-2.36314;0.00766776;fp_not_a_fp;-1;0.242518;
303576;3377.941654;688;300;28.1051;4.47214;0.0383291;135;688.059;300.844;0;17;1;1;-0.914419;-0.939339;-1.10279;-0.943173;-0.947762;-1.11589;1;1.403;0.0218714;0.392405;1;0.212907;2.22766;1.42645;0.00756585;fp_not_a_fp;-1;0.242519;
303577;3377.952782;682;302;27.7495;4.47214;0.0795199;334;684.104;300.696;0;18;1;1;-0.90572;-0.95748;-1.11296;-0.927679;-0.95076;-1.11369;1;1.36905;-0.120044;0.281136;1;0.605265;-1.16502;-0.667808;0.00766282;fp_not_a_fp;-1;0.242516;
303578;3377.963908;680;302;28.0761;6.32456;0.0693188;320;677.858;302.822;0;19;1;1;-0.888412;-0.94646;-1.09994;-0.91225;-0.948758;-1.10837;1;1.37882;-0.0370425;0.348575;1;0.622957;2.73274;1.7547;0.0107109;fp_not_a_fp;-1;0.242494;
303579;3377.975035;674;304;28.0363;4.47214;0.0799952;156;676.026;302.749;0;20;1;1;-0.869466;-0.953846;-1.09759;-0.894505;-0.949281;-1.10332;1;1.42417;-0.0826935;0.358981;1;2.93814;1.3931;2.26148;0.00758442;fp_not_a_fp;-1;0.242493;
303580;3377.986162;670;304;27.976;4.47214;0.0443239;442;669.789;304.909;0;21;1;1;-0.857747;-0.956138;-1.0998;-0.880337;-0.953481;-1.10257;1;1.3956;-0.117285;0.292102;1;-0.166334;-3.12633;-2.25335;0.00760078;fp_not_a_fp;-1;0.242509;
303581;3377.997288;666;304;28.1544;6.32456;0.0471909;217;665.731;304.855;0;22;1;1;-0.838804;-0.950313;-1.09268;-0.863608;-0.95169;-1.0975;1;1.42293;-0.0498453;0.308824;1;1.21054;1.57737;0.622245;0.0106811;fp_not_a_fp;-1;0.242525;
303582;3378.008415;660;306;28.0627;6.32456;0.0731487;411;661.735;304.698;0;23;1;1;-0.821356;-0.959455;-1.09234;-0.846844;-0.954938;-1.0956;1;1.45275;-0.120412;0.280281;1;1.66119;-1.87317;-1.53439;0.010716;fp_not_a_fp;-1;0.242496;
303583;3378.019542;658;306;28.2058;6.32456;0.0693152;454;655.477;306.828;0;24;1;1;-0.810447;-0.954704;-1.08672;-0.832089;-0.955153;-1.09289;1;1.40482;-0.0797522;0.297127;1;-0.434795;0.0660788;-1.38971;0.0106617;fp_not_a_fp;-1;0.242503;
303584;3378.030668;654;308;28.3747;4.47214;0.0524259;152;653.728;306.748;0;25;1;1;-0.792358;-0.954876;-1.07646;-0.815742;-0.954837;-1.08705;1;1.4132;-0.0547524;0.38385;1;0.395544;1.405;2.06147;0.00749398;fp_not_a_fp;-1;0.242497;
303585;3378.041795;648;308;28.2752;4.47214;0.0669985;500;649.843;308.914;0;26;1;1;-0.774973;-0.958586;-1.08002;-0.799784;-0.956905;-1.08388;1;1.43571;-0.0799672;0.329875;1;0.287239;-0.676851;0.472987;0.00752036;fp_not_a_fp;-1;0.242522;
303586;3378.052922;646;308;28.4102;4.47214;0.065658;280;643.644;308.859;0;27;1;1;-0.764596;-0.954145;-1.07481;-0.785594;-0.955578;-1.0795;1;1.38083;-0.0292787;0.325203;1;-1.61566;2.04752;1.00936;0.00748459;fp_not_a_fp;-1;0.242517;
303587;3378.064049;638;310;28.3126;5.65685;0.10587;259;641.901;308.7;0;28;1;1;-0.740506;-0.963535;-1.07457;-0.768109;-0.957786;-1.07646;1;1.45819;-0.112252;0.284619;1;1.19929;-0.730353;-0.281025;0.00950007;fp_not_a_fp;-1;0.242545;
303588;3378.075175;636;310;28.4351;4.47214;0.0676083;469;633.429;310.83;0;29;1;1;-0.730627;-0.959498;-1.06986;-0.752676;-0.958941;-1.07481;1;1.41741;-0.0859387;0.285497;1;0.0948817;-0.700846;-2.20989;0.00747806;fp_not_a_fp;-1;0.242475;
303589;3378.086303;632;312;28.4843;5.65685;0.0425594;162;631.575;310.749;0;30;1;1;-0.716152;-0.963674;-1.06423;-0.737971;-0.960213;-1.07087;1;1.3857;-0.111971;0.313948;1;-1.12349;-0.71916;-0.357918;0.00944281;fp_not_a_fp;-1;0.242557;
303590;3378.097429;626;314;28.3455;4.47214;0.0668207;402;627.717;312.909;0;31;1;1;-0.699671;-0.974369;-1.06557;-0.72174;-0.965269;-1.06856;1;1.38478;-0.231046;0.270345;1;0.0886686;-4.53346;-1.23267;0.0075017;fp_not_a_fp;-1;0.242512;
303591;3378.108555;624;312;28.4842;4.47214;0.0861579;370;621.518;315.141;0;32;1;1;-0.689452;-0.964138;-1.06394;-0.708976;-0.96542;-1.0659;1;1.32492;-0.133503;0.23655;1;-2.99432;-0.477391;-1.08012;0.00746516;fp_not_a_fp;-1;0.242528;
303592;3378.119683;616;314;28.5337;5.65685;0.106726;275;619.818;312.777;0;33;1;1;-0.661738;-0.96852;-1.05817;-0.691754;-0.967675;-1.06298;1;1.44887;-0.126391;0.258516;1;0.70658;-0.90883;-0.606354;0.00942644;fp_not_a_fp;-1;0.242494;
303593;3378.130809;614;314;28.6059;4.47214;0.0599425;464;611.356;314.816;0;34;1;1;-0.65342;-0.96619;-1.05542;-0.676071;-0.968304;-1.06077;1;1.41064;-0.0806212;0.266091;1;0.560164;0.704443;-1.07536;0.00743341;fp_not_a_fp;-1;0.242534;
303594;3378.141935;610;316;28.7226;5.65685;0.0520473;198;609.526;314.696;0;35;1;1;-0.637659;-0.968046;-1.04738;-0.660568;-0.966724;-1.05623;1;1.39559;-0.0727051;0.327444;1;0.24268;3.5578;1.28291;0.00936444;fp_not_a_fp;-1;0.242547;
303595;3378.153063;602;316;28.4956;4.47214;0.0984666;412;605.669;316.819;0;36;1;1;-0.616049;-0.976222;-1.05543;-0.642217;-0.969745;-1.0541;1;1.45908;-0.153875;0.218779;1;3.01388;-0.457553;-0.399096;0.0074622;fp_not_a_fp;-1;0.242553;
303596;3378.164189;600;316;28.6514;6.32456;0.0771098;386;597.205;316.787;0;37;1;1;-0.606062;-0.971028;-1.04962;-0.628298;-0.970372;-1.05196;1;1.41369;-0.108248;0.212615;1;-0.790557;0.407834;-1.03111;0.0104958;fp_not_a_fp;-1;0.242565;
303597;3378.175316;594;318;28.6043;6.32456;0.0705529;307;595.431;316.648;0;38;1;1;-0.587253;-0.978548;-1.04751;-0.611757;-0.973462;-1.04999;1;1.43024;-0.161798;0.207158;1;0.440203;-1.82379;-1.32392;0.0105131;fp_not_a_fp;-1;0.242528;
303598;3378.186443;592;318;28.7412;4.47214;0.0639986;529;589.295;318.793;0;39;1;1;-0.577839;-0.974;-1.04244;-0.596802;-0.97495;-1.04875;1;1.36256;-0.111155;0.236542;1;-0.742138;-0.863815;-2.04229;0.00739841;fp_not_a_fp;-1;0.242512;
303599;3378.197569;586;320;28.9399;5.65685;0.0580379;205;587.592;318.724;0;40;1;1;-0.554296;-0.973168;-1.03149;-0.581363;-0.974186;-1.04276;1;1.4307;-0.0665016;0.344053;1;-0.637611;1.96312;2.81473;0.00929415;fp_not_a_fp;-1;0.242513;
303600;3378.208696;580;320;28.9449;6.32456;0.064574;584;581.51;320.897;0;41;1;1;-0.534491;-0.973339;-1.03109;-0.563471;-0.974764;-1.03813;1;1.50339;-0.0415369;0.349175;1;2.01557;1.49887;3.06833;0.0103894;fp_not_a_fp;-1;0.242467;
303601;3378.219823;576;320;29.2342;4.47214;0.0491807;294;575.223;320.852;0;42;1;1;-0.516193;-0.963932;-1.02074;-0.545706;-0.97111;-1.03144;1;1.55143;0.0819155;0.425387;1;2.72301;5.47574;4.90322;0.00727363;fp_not_a_fp;-1;0.242479;
303602;3378.230950;570;322;29.0417;6.32456;0.0597206;378;571.18;320.699;0;43;1;1;-0.500107;-0.976156;-1.02373;-0.526273;-0.971649;-1.02676;1;1.5578;-0.0176405;0.3684;1;4.38665;2.10098;2.96259;0.0103548;fp_not_a_fp;-1;0.242459;
303603;3378.242076;568;322;29.2397;4.47214;0.0685476;572;564.991;322.831;0;44;1;1;-0.490218;-0.969659;-1.01672;-0.510253;-0.970772;-1.02307;1;1.4751;0.0179384;0.378146;1;0.997583;1.89711;0.765918;0.00727231;fp_not_a_fp;-1;0.24249;
303604;3378.253202;562;322;29.6568;5.65685;0.0389474;229;563.32;322.752;0;45;1;1;-0.464088;-0.956352;-1.00221;-0.492652;-0.966525;-1.01585;1;1.55233;0.182904;0.500358;1;1.09946;5.04285;3.39686;0.00906947;fp_not_a_fp;-1;0.242417;
303605;3378.264330;558;324;29.3998;5.65685;0.0396477;614;557.215;322.631;0;46;1;1;-0.455342;-0.970363;-1.00731;-0.47744;-0.968133;-1.01249;1;1.4865;0.0671518;0.428608;1;-1.45883;-0.331406;0.0725578;0.00914875;fp_not_a_fp;-1;0.24245;
303606;3378.275456;554;322;29.4646;7.2111;0.095566;396;553.34;324.784;0;47;1;1;-0.441301;-0.963037;-1.00846;-0.462738;-0.964853;-1.00867;1;1.43065;0.0947338;0.331094;1;-2.85683;2.52524;-0.838037;0.0116368;fp_not_a_fp;-1;0.242488;
303607;3378.286582;548;324;29.4018;7.2111;0.0770186;424;549.477;322.423;0;48;1;1;-0.422976;-0.970858;-1.00688;-0.445927;-0.965153;-1.00621;1;1.43517;0.004388;0.266661;1;-0.897024;-0.304204;-2.50479;0.0116617;fp_not_a_fp;-1;0.242499;
303608;3378.297710;546;324;29.5091;4.47214;0.0745087;690;543.293;324.511;0;49;1;1;-0.414994;-0.967439;-1.00314;-0.433654;-0.967924;-1.00645;1;1.34548;0.00568248;0.248816;1;-4.64754;-3.98179;-5.65174;0.00720589;fp_not_a_fp;-1;0.242487;
303609;3378.308836;542;324;29.8838;4.47214;0.0450984;241;541.614;324.482;0;50;1;1;-0.397064;-0.955528;-0.990424;-0.419084;-0.964216;-1.00223;1;1.34233;0.142032;0.355529;1;-3.23914;1.68243;-1.64201;0.00711554;fp_not_a_fp;-1;0.242521;
303610;3378.319963;536;326;29.6395;4.47214;0.0821646;664;537.737;324.382;0;51;1;1;-0.381222;-0.969119;-0.994881;-0.404064;-0.965736;-0.998832;1;1.35142;0.0244671;0.303184;1;-1.77994;-1.57886;-0.627096;0.00717418;fp_not_a_fp;-1;0.242505;
303611;3378.331090;534;324;29.9012;4.47214;0.0882851;670;531.583;326.61;0;52;1;1;-0.371395;-0.955409;-0.98956;-0.391169;-0.961874;-0.994503;1;1.29546;0.129913;0.303875;1;-3.139;2.82025;0.836173;0.00711139;fp_not_a_fp;-1;0.24253;
303612;3378.342216;528;326;30.1592;5.65685;0.0613014;278;529.841;324.306;0;53;1;1;-0.349434;-0.952856;-0.977457;-0.374779;-0.958229;-0.988081;1;1.35884;0.186186;0.40415;1;0.300456;4.05555;3.49017;0.00891842;fp_not_a_fp;-1;0.242498;
303613;3378.353343;524;326;30.0456;2.82843;0.0902279;721;523.61;326.437;0;54;1;1;-0.338097;-0.956678;-0.981011;-0.360038;-0.958516;-0.985728;1;1.34168;0.141887;0.353299;1;-0.014583;-0.00344801;-0.0501413;0.00447608;fp_not_a_fp;-1;0.242499;
303614;3378.364470;520;326;30.2635;4.47214;0.0323061;538;519.597;326.43;0;55;1;1;-0.323096;-0.950004;-0.973805;-0.345506;-0.953737;-0.980458;1;1.33541;0.181975;0.369822;1;-0.359703;3.53879;1.49722;0.00702625;fp_not_a_fp;-1;0.242503;
303615;3378.375597;516;330;30.3561;5.65685;0.0936443;387;515.627;326.343;0;56;1;1;-0.309841;-0.957838;-0.963882;-0.330118;-0.954344;-0.974039;1;1.31444;0.085533;0.443231;1;0.426622;-0.997254;3.13112;0.00886056;fp_not_a_fp;-1;0.242532;
303616;3378.386723;512;328;30.4221;4.47214;0.0788023;776;511.65;330.885;0;57;1;1;-0.296539;-0.950729;-0.965049;-0.316894;-0.953813;-0.970937;1;1.29061;0.116255;0.403653;1;-1.53316;-1.57135;-0.0112228;0.00698965;fp_not_a_fp;-1;0.242524;
303617;3378.397850;508;330;30.4876;4.47214;0.03917;674;507.729;328.665;0;58;1;1;-0.283556;-0.954138;-0.959445;-0.303259;-0.953178;-0.965546;1;1.26496;0.075054;0.400044;1;-1.72379;-1.50165;1.0503;0.00697464;fp_not_a_fp;-1;0.242498;
303618;3378.408977;504;334;30.5788;5.65685;0.0978226;513;503.785;330.786;0;59;1;1;-0.27053;-0.961942;-0.949679;-0.290117;-0.956162;-0.959514;1;1.24235;-0.0410138;0.459486;1;-2.09101;-5.0103;2.01466;0.00879602;fp_not_a_fp;-1;0.242468;
303619;3378.420103;500;334;30.5347;2.82843;0.0899234;481;499.824;335.321;0;60;1;1;-0.258465;-0.963546;-0.950912;-0.277273;-0.957589;-0.956272;1;1.21284;-0.102143;0.411317;1;-2.28285;-4.21686;-0.717039;0.00440437;fp_not_a_fp;-1;0.242494;
303620;3378.431230;496;334;30.8294;4.47214;0.0300622;731;495.872;335.3;0;61;1;1;-0.243659;-0.954548;-0.941683;-0.264053;-0.958544;-0.95043;1;1.21568;-0.0112272;0.444736;1;-1.68367;-2.8645;0.923081;0.00689732;fp_not_a_fp;-1;0.242474;
303621;3378.442357;492;336;30.8756;7.2111;0.0763326;559;491.86;335.171;0;62;1;1;-0.231104;-0.958501;-0.936787;-0.25094;-0.959635;-0.944766;1;1.20571;-0.0175442;0.457944;1;-1.33119;-2.08076;1.30091;0.011105;fp_not_a_fp;-1;0.242515;
303622;3378.453483;490;338;30.7085;5.65685;0.0688042;337;487.877;337.225;0;63;1;1;-0.226297;-0.969021;-0.938448;-0.239882;-0.961405;-0.941958;1;1.10291;-0.138512;0.385946;1;-3.13305;-2.19081;-1.65241;0.00875888;fp_not_a_fp;-1;0.242539;
303623;3378.464610;486;340;30.994;4.47214;0.0237384;710;486.215;339.308;0;64;1;1;-0.212068;-0.965454;-0.926328;-0.228283;-0.961882;-0.935812;1;1.08285;-0.129945;0.445897;1;-2.92064;-0.624822;0.77685;0.0068607;fp_not_a_fp;-1;0.242544;
303624;3378.475737;482;342;31.0384;7.2111;0.0593344;671;482.276;341.48;0;65;1;1;-0.199638;-0.969426;-0.921535;-0.217278;-0.965601;-0.930775;1;1.07894;-0.155365;0.468751;1;-3.07231;-3.23863;0.539521;0.0110467;fp_not_a_fp;-1;0.242559;
303625;3378.486863;478;346;30.9256;5.65685;0.0587528;395;478.273;343.649;0;66;1;1;-0.188323;-0.983495;-0.918071;-0.206582;-0.97185;-0.926096;1;1.06942;-0.307336;0.458112;1;-3.06225;-6.5113;0.00371712;0.0086974;fp_not_a_fp;-1;0.242527;
303626;3378.497991;476;346;31.2361;4.47214;0.0609416;670;474.251;348.047;0;67;1;1;-0.180363;-0.973822;-0.908875;-0.195099;-0.97305;-0.918703;1;1.02033;-0.22006;0.500693;1;-1.85543;-1.83241;2.57812;0.00680753;fp_not_a_fp;-1;0.242485;
303627;3378.509117;472;350;31.2603;8.48528;0.104528;549;472.42;347.939;0;68;1;1;-0.168308;-0.983487;-0.901419;-0.184159;-0.977558;-0.912476;1;1.00809;-0.26672;0.539906;1;-1.67984;-3.0733;2.11221;0.0129064;fp_not_a_fp;-1;0.24248;
303628;3378.520243;470;354;31.2306;5.65685;0.0490381;261;468.444;352.191;0;69;1;1;-0.16263;-0.994748;-0.895586;-0.174906;-0.983889;-0.905988;1;0.939536;-0.381074;0.554109;1;-3.13219;-5.0716;1.91782;0.00861245;fp_not_a_fp;-1;0.242512;
303629;3378.531371;466;356;31.4472;5.65685;0.0195768;497;466.69;356.559;0;70;1;1;-0.149541;-0.993179;-0.885994;-0.165211;-0.98631;-0.897969;1;0.941407;-0.361744;0.599263;1;-2.87633;-1.22268;3.17139;0.00855313;fp_not_a_fp;-1;0.24251;
303630;3378.542497;462;360;31.4841;7.2111;0.0570836;289;462.672;358.628;0;71;1;1;-0.137535;-1.00236;-0.878248;-0.154504;-0.993444;-0.890312;1;0.959738;-0.412833;0.63028;1;-1.3614;-4.33147;2.91161;0.0108903;fp_not_a_fp;-1;0.242512;
303631;3378.553624;460;362;31.6648;4.47214;0.0748342;189;458.548;362.897;0;72;1;1;-0.130869;-1.00178;-0.869905;-0.145144;-0.998018;-0.882434;1;0.921315;-0.374709;0.658342;1;-1.94972;-2.42647;2.66107;0.00671538;fp_not_a_fp;-1;0.242534;
303632;3378.564751;458;366;31.7974;7.2111;0.0617104;264;456.696;364.879;0;73;1;1;-0.124589;-1.00774;-0.859704;-0.135634;-1.00127;-0.873463;1;0.859908;-0.379479;0.702904;1;-1.78906;0.0358148;3.34312;0.010783;fp_not_a_fp;-1;0.242536;
303633;3378.575877;454;372;32.0036;5.65685;0.0720774;152;454.914;369.03;0;74;1;1;-0.11227;-1.01642;-0.844339;-0.126316;-1.00708;-0.86305;1;0.86607;-0.432463;0.807808;1;-1.69264;-1.58901;4.68575;0.00840443;fp_not_a_fp;-1;0.242485;
303634;3378.587003;452;374;32.3432;2.82843;0.132263;118;450.863;375.568;0;75;1;1;-0.105333;-1.01078;-0.83221;-0.118266;-1.00918;-0.85154;1;0.837674;-0.334572;0.887171;1;-2.74256;1.75846;5.77205;0.0041581;fp_not_a_fp;-1;0.2425;
303635;3378.598131;448;378;32.3945;7.2111;0.0513224;250;448.992;377.59;0;76;1;1;-0.0936681;-1.01923;-0.824375;-0.108966;-1.01354;-0.840158;1;0.852806;-0.348332;0.896622;1;-1.53928;0.592711;5.35388;0.0105843;fp_not_a_fp;-1;0.242517;
303636;3378.609257;446;384;32.3123;7.2111;0.0765257;102;444.88;381.688;0;77;1;1;-0.0883848;-1.03674;-0.816803;-0.0999146;-1.02079;-0.829432;1;0.810849;-0.510294;0.872963;1;-1.10235;-2.9392;3.82111;0.0106112;fp_not_a_fp;-1;0.242509;
303637;3378.620384;444;386;32.5285;4.47214;0.0854032;110;442.99;388.057;0;78;1;1;-0.0820721;-1.03486;-0.80813;-0.0923651;-1.0254;-0.82038;1;0.762453;-0.490553;0.851263;1;-2.32822;-1.30513;0.976377;0.00653706;fp_not_a_fp;-1;0.24255;
303638;3378.631511;440;392;32.5872;10;0.116955;226;441.172;389.906;0;79;1;1;-0.0706142;-1.04788;-0.797023;-0.0836854;-1.03468;-0.811583;1;0.776543;-0.569148;0.861042;1;-1.37364;-5.2705;-0.587121;0.014591;fp_not_a_fp;-1;0.242496;
303639;3378.642637;438;398;32.5851;8.48528;0.0783512;82;437.061;396.184;0;80;1;1;-0.0651436;-1.06274;-0.787487;-0.0765543;-1.04556;-0.802361;1;0.74603;-0.699373;0.86457;1;-2.39917;-7.88736;-0.720216;0.0123816;fp_not_a_fp;-1;0.242539;
303640;3378.653764;436;402;33.2313;5.65685;0.0365432;96;435.172;402.565;0;81;1;1;-0.0583904;-1.05178;-0.765886;-0.0690557;-1.04932;-0.789632;1;0.715682;-0.538308;1.00338;1;-2.13835;-0.629257;2.93041;0.00809393;fp_not_a_fp;-1;0.242499;
303641;3378.664891;434;406;33.2376;10;0.0768723;183;433.261;406.723;0;82;1;1;-0.0528939;-1.06128;-0.759455;-0.0617611;-1.05592;-0.777463;1;0.674859;-0.512013;1.00648;1;-1.96811;-0.48205;3.48767;0.0143055;fp_not_a_fp;-1;0.242506;
303642;3378.676018;432;412;33.4052;8.48528;0.0529426;63;431.409;410.704;0;83;1;1;-0.0472878;-1.07039;-0.746293;-0.0559295;-1.06155;-0.764781;1;0.636176;-0.540204;1.03027;1;-3.15381;0.650349;3.80241;0.0120777;fp_not_a_fp;-1;0.242486;
303643;3378.687144;430;418;33.6265;4.47214;0.0776238;86;429.561;416.906;0;84;1;1;-0.0416708;-1.07767;-0.732091;-0.0500613;-1.06528;-0.750932;1;0.603439;-0.566499;1.07151;1;-3.20384;2.98552;4.64974;0.00632361;fp_not_a_fp;-1;0.242504;
303644;3378.698270;428;422;33.8218;10;0.0707068;156;427.664;423.171;0;85;1;1;-0.0360395;-1.08098;-0.721685;-0.0444736;-1.07258;-0.739882;1;0.577496;-0.543061;1.07116;1;-3.10485;-0.106856;1.52295;0.0140584;fp_not_a_fp;-1;0.242552;
303645;3378.709398;426;428;33.715;7.2111;0.0228623;28;425.74;427.147;0;86;1;1;-0.0308619;-1.0987;-0.714705;-0.0389656;-1.08194;-0.728694;1;0.552464;-0.667202;1.01441;1;-2.75006;-3.48671;0.178272;0.0101697;fp_not_a_fp;-1;0.242506;
303646;3378.720524;424;434;34.2637;4.47214;0.0794981;93;423.814;433.265;0;87;1;1;-0.0251608;-1.09518;-0.694143;-0.0334338;-1.08813;-0.715657;1;0.537009;-0.592981;1.09728;1;-2.22816;-1.18558;1.50592;0.00620601;fp_not_a_fp;-1;0.242495;
303647;3378.731650;422;440;34.4718;8.48528;0.0284152;95;421.825;439.517;0;88;1;1;-0.0198333;-1.10255;-0.68089;-0.0279745;-1.09435;-0.702856;1;0.5232;-0.57116;1.14351;1;-1.80284;-0.104442;1.61791;0.011704;fp_not_a_fp;-1;0.24252;
303648;3378.742778;422;446;34.7917;5.65685;0.0791674;31;419.847;445.702;0;89;1;1;-0.0199884;-1.10617;-0.665711;-0.0239617;-1.10065;-0.688863;1;0.448981;-0.530795;1.19074;1;-2.88745;0.275834;2.68697;0.00773091;fp_not_a_fp;-1;0.242558;
303649;3378.753904;420;452;35.0605;7.2111;0.00479181;107;420.157;451.912;0;90;1;1;-0.0147466;-1.11144;-0.651699;-0.0199328;-1.10383;-0.673111;1;0.421131;-0.506812;1.21902;1;-2.9508;3.60377;4.59731;0.00977945;fp_not_a_fp;-1;0.242542;
303650;3378.765031;418;458;35.2801;10;0.0459635;77;418.246;458.061;0;91;1;1;-0.0095978;-1.11818;-0.638788;-0.0160421;-1.10958;-0.659273;1;0.41493;-0.509563;1.22323;1;-2.74288;1.87425;2.8297;0.0134773;fp_not_a_fp;-1;0.242547;
303651;3378.776158;416;464;35.3945;7.2111;0.0116141;35;416.24;464.151;0;92;1;1;-0.00452616;-1.12818;-0.627898;-0.0122153;-1.11599;-0.646025;1;0.417579;-0.560382;1.19378;1;-2.37309;0.24219;1.12945;0.00968717;fp_not_a_fp;-1;0.242519;
303652;3378.787284;414;470;35.9868;8.48528;0.0235044;140;414.2;470.189;0;93;1;1;0.000505992;-1.12301;-0.608882;-0.00709172;-1.1202;-0.631817;1;0.423098;-0.450571;1.24733;1;-0.581565;1.80261;1.27135;0.0112113;fp_not_a_fp;-1;0.242494;
303653;3378.798410;414;476;36.0201;6.32456;0.052595;31;412.089;476.299;0;94;1;1;0.000179562;-1.13526;-0.599706;-0.00336019;-1.12616;-0.618819;1;0.36767;-0.488179;1.21556;1;-1.20128;0.418707;-0.0778006;0.00834866;fp_not_a_fp;-1;0.242524;
303654;3378.809538;414;476;36.0201;6.32456;0.052595;31;412.339;482.289;1;0;1;1;0.00419061;-1.14066;-0.586205;8.69106e-05;-1.13178;-0.605673;1;0.343844;-0.503335;1.20214;1;-1.59724;0.139997;-0.473651;-1;fp_not_a_fp;-1;0.24249;
303655;3378.820664;414;476;36.0201;6.32456;0.052595;31;410.765;488.644;2;0;1;1;0.00791252;-1.14624;-0.572877;0.00319658;-1.13629;-0.591918;1;0.332807;-0.509411;1.19605;1;-1.90474;1.14524;0.0511843;-1;fp_not_a_fp;-1;0.242486;
303656;3378.831791;414;476;36.0201;6.32456;0.052595;31;409.223;495.081;3;0;1;1;0.0114928;-1.15183;-0.559584;0.00594327;-1.1435;-0.579593;1;0.326839;-0.511022;1.19337;1;-2.16283;-1.35829;-1.21242;-1;fp_not_a_fp;-1;0.242483;
303657;3378.842918;414;476;36.0201;6.32456;0.052595;31;407.692;501.604;4;0;1;1;0.0149908;-1.15759;-0.546399;0.00964608;-1.14908;-0.566267;1;0.322782;-0.512553;1.19117;1;-1.00854;-0.54763;-0.547886;-1;fp_not_a_fp;-1;0.242483;
303658;3378.854044;414;476;36.0201;6.32456;0.052595;31;406.127;508.223;5;0;1;1;0.018515;-1.16332;-0.533198;0.0132272;-1.15475;-0.553015;1;0.320334;-0.513486;1.18967;1;-0.528236;-0.228071;-0.280283;-1;fp_not_a_fp;-1;0.242498;
303659;3378.865171;414;476;36.0201;6.32456;0.052595;31;404.538;514.939;6;0;1;1;0.0220417;-1.16904;-0.519997;0.0167595;-1.16045;-0.539795;1;0.318893;-0.51394;1.18864;1;-0.312631;-0.101755;-0.166581;-1;fp_not_a_fp;-1;0.242518;
303660;3378.876298;414;476;36.0201;6.32456;0.052595;31;402.927;521.753;7;0;1;1;0.0255656;-1.17476;-0.5068;0.0202777;-1.16618;-0.526599;1;0.318017;-0.514105;1.18788;1;-0.198235;-0.0692713;-0.123361;-1;fp_not_a_fp;-1;0.242512;
303661;3378.887425;414;476;36.0201;6.32456;0.052595;31;401.292;528.666;8;0;1;1;0.0290869;-1.18047;-0.493609;0.0238017;-1.1719;-0.513401;1;0.317458;-0.514132;1.18726;1;-0.119624;-0.0354743;-0.0878535;-1;fp_not_a_fp;-1;0.242561;
303662;3378.898551;414;476;36.0201;6.32456;0.052595;31;399.633;535.683;9;0;1;1;0.0326068;-1.18619;-0.480422;0.0273247;-1.17762;-0.500207;1;0.317086;-0.514076;1.18674;1;-0.0729886;-0.0132638;-0.0659105;-1;fp_not_a_fp;-1;0.242472;
303663;3378.909679;414;476;36.0201;6.32456;0.052595;31;397.95;542.804;10;0;1;1;0.0361255;-1.1919;-0.467241;0.0308456;-1.18333;-0.487018;1;0.316823;-0.513967;1.18625;1;-0.046522;-0.000610733;-0.0536477;-1;fp_not_a_fp;-1;0.242453;
303664;3378.920805;414;476;36.0201;6.32456;0.052595;31;396.241;550.032;11;0;1;1;0.0396429;-1.19761;-0.454063;0.034365;-1.18905;-0.473834;1;0.316624;-0.513832;1.18581;1;-0.031283;0.00613608;-0.0465056;-1;fp_not_a_fp;-1;0.242492;
303665;3378.931932;414;476;36.0201;6.32456;0.052595;31;394.506;557.371;12;0;1;1;0.043159;-1.20332;-0.44089;0.037883;-1.19476;-0.460655;1;0.316464;-0.513681;1.18538;1;-0.0223241;0.0101377;-0.0423191;-1;fp_not_a_fp;-1;0.242536;
303666;3378.943059;414;476;36.0201;6.32456;0.052595;31;392.745;564.821;13;0;1;1;0.0466739;-1.20903;-0.427722;0.0413997;-1.20047;-0.44748;1;0.316323;-0.513516;1.18495;1;-0.017151;0.0125883;-0.0401781;-1;fp_not_a_fp;-1;0.242487;
303667;3378.954185;414;476;36.0201;6.32456;0.052595;31;390.956;572.386;14;0;1;1;0.0501875;-1.21473;-0.414559;0.0449152;-1.20618;-0.434309;1;0.316197;-0.513348;1.18454;1;-0.0140571;0.0138969;-0.0385559;-1;fp_not_a_fp;-1;0.242488;
303668;3378.965312;414;476;36.0201;6.32456;0.052595;31;389.14;580.068;15;0;1;1;0.0536999;-1.22044;-0.4014;0.0484295;-1.21188;-0.421143;1;0.31608;-0.513181;1.18413;1;-0.0122412;0.0146296;-0.0375891;-1;fp_not_a_fp;-1;0.242467;
303669;3378.976439;414;476;36.0201;6.32456;0.052595;31;387.295;587.871;16;0;1;1;0.0572111;-1.22614;-0.388245;0.0519425;-1.21759;-0.407982;1;0.315963;-0.513005;1.18372;1;-0.0112593;0.0151877;-0.0373098;-1;fp_not_a_fp;-1;0.242507;
303670;3378.987566;414;476;36.0201;6.32456;0.052595;31;385.422;595.797;17;0;1;1;0.0607212;-1.23184;-0.375095;0.0554543;-1.22329;-0.394825;1;0.315852;-0.51283;1.18331;1;-0.0105933;0.0154144;-0.0367937;-1;fp_not_a_fp;-1;0.242525;
303671;3378.998692;-1;-1;-1;-1;-1;-1;383.518;603.849;18;0;0;1;0.0607212;-1.23184;-0.375095;0.0554543;-1.22329;-0.394825;1;0.315852;-0.51283;1.18331;1;-0.0105933;0.0154144;-0.0367937;-1;fp_not_a_fp;-1;0.242541;
303672;3379.009820;-1;-1;-1;-1;-1;-1;383.518;603.849;19;0;0;1;0.0607212;-1.23184;-0.375095;0.0554543;-1.22329;-0.394825;1;0.315852;-0.51283;1.18331;1;-0.0105933;0.0154144;-0.0367937;-1;fp_not_a_fp;-1;0.242519;
